date,campaign_id,platform,impressions,clicks,cost_inr
2026-01-01,GS-BRAND-001,Google Ads,687,57,1231.44
2026-01-02,GS-BRAND-001,Google Ads,1321,114,2531.71
2026-01-03,GS-BRAND-001,Google Ads,494,43,836.75
2026-01-04,GS-BRAND-001,Google Ads,1096,100,2097.03
2026-01-05,GS-BRAND-001,Google Ads,1277,114,2519.11
2026-01-06,GS-BRAND-001,Google Ads,1558,143,3183.37
2026-01-07,GS-BRAND-001,Google Ads,746,71,1800.0
2026-01-08,GS-BRAND-001,Google Ads,2304,186,4208.0
2026-01-09,GS-BRAND-001,Google Ads,628,57,1031.26
2026-01-10,GS-BRAND-001,Google Ads,807,71,1715.87
2026-01-11,GS-BRAND-001,Google Ads,474,43,1006.12
2026-01-12,GS-BRAND-001,Google Ads,1029,100,2047.77
2026-01-13,GS-BRAND-001,Google Ads,804,71,1640.61
2026-01-14,GS-BRAND-001,Google Ads,1086,86,2194.18
2026-01-15,GS-BRAND-001,Google Ads,1245,114,2871.44
2026-01-16,GS-BRAND-001,Google Ads,1025,86,1909.04
2026-01-17,GS-BRAND-001,Google Ads,157,14,270.63
2026-01-18,GS-BRAND-001,Google Ads,432,43,885.73
2026-01-19,GS-BRAND-001,Google Ads,649,57,1221.6
2026-01-20,GS-BRAND-001,Google Ads,1279,114,2154.74
2026-01-21,GS-BRAND-001,Google Ads,1167,114,2189.26
2026-01-22,GS-BRAND-001,Google Ads,513,43,948.35
2026-01-23,GS-BRAND-001,Google Ads,1222,114,2387.57
2026-01-24,GS-BRAND-001,Google Ads,1176,114,2670.97
2026-01-25,GS-BRAND-001,Google Ads,669,57,1329.28
2026-01-26,GS-BRAND-001,Google Ads,994,100,2137.44
2026-01-27,GS-BRAND-001,Google Ads,1475,129,3108.63
2026-01-28,GS-BRAND-001,Google Ads,1426,129,2441.72
2026-01-29,GS-BRAND-001,Google Ads,842,71,1323.22
2026-01-30,GS-BRAND-001,Google Ads,794,71,1528.65
2026-01-31,GS-BRAND-001,Google Ads,1519,143,3345.5
2026-02-01,GS-BRAND-001,Google Ads,326,29,695.94
2026-02-02,GS-BRAND-001,Google Ads,981,86,1905.29
2026-02-03,GS-BRAND-001,Google Ads,625,57,1145.96
2026-02-04,GS-BRAND-001,Google Ads,1146,100,2206.29
2026-02-05,GS-BRAND-001,Google Ads,1354,114,2750.01
2026-02-06,GS-BRAND-001,Google Ads,505,43,856.28
2026-02-07,GS-BRAND-001,Google Ads,1094,100,2284.74
2026-02-08,GS-BRAND-001,Google Ads,751,71,1619.12
2026-02-09,GS-BRAND-001,Google Ads,787,71,1544.68
2026-02-10,GS-BRAND-001,Google Ads,351,29,576.53
2026-02-11,GS-BRAND-001,Google Ads,1163,100,1908.01
2026-02-12,GS-BRAND-001,Google Ads,473,43,1096.26
2026-02-13,GS-BRAND-001,Google Ads,332,29,746.7
2026-02-14,GS-BRAND-001,Google Ads,758,71,1268.29
2026-02-15,GS-BRAND-001,Google Ads,342,29,704.58
2026-02-16,GS-BRAND-001,Google Ads,1066,100,2036.27
2026-02-17,GS-BRAND-001,Google Ads,1392,129,2935.49
2026-02-18,GS-BRAND-001,Google Ads,991,86,1727.75
2026-02-19,GS-BRAND-001,Google Ads,637,57,1390.31
2026-02-20,GS-BRAND-001,Google Ads,152,14,297.16
2026-02-21,GS-BRAND-001,Google Ads,1092,100,1980.78
2026-02-22,GS-BRAND-001,Google Ads,885,86,1626.55
2026-02-23,GS-BRAND-001,Google Ads,1506,129,3269.73
2026-02-24,GS-BRAND-001,Google Ads,1106,100,2030.99
2026-02-25,GS-BRAND-001,Google Ads,484,43,1168.23
2026-02-26,GS-BRAND-001,Google Ads,341,29,687.29
2026-02-27,GS-BRAND-001,Google Ads,324,29,577.62
2026-02-28,GS-BRAND-001,Google Ads,922,86,2246.35
2026-03-01,GS-BRAND-001,Google Ads,502,43,896.49
2026-03-02,GS-BRAND-001,Google Ads,806,71,1576.87
2026-03-03,GS-BRAND-001,Google Ads,776,71,1499.07
2026-03-04,GS-BRAND-001,Google Ads,728,71,1434.82
2026-03-05,GS-BRAND-001,Google Ads,1287,114,2771.62
2026-03-06,GS-BRAND-001,Google Ads,1068,86,2279.63
2026-03-07,GS-BRAND-001,Google Ads,1005,86,1889.58
2026-03-08,GS-BRAND-001,Google Ads,757,71,1307.91
2026-03-09,GS-BRAND-001,Google Ads,795,71,1687.65
2026-03-10,GS-BRAND-001,Google Ads,864,71,1651.4
2026-03-11,GS-BRAND-001,Google Ads,1325,114,2487.84
2026-03-12,GS-BRAND-001,Google Ads,792,71,1649.0
2026-03-13,GS-BRAND-001,Google Ads,1077,100,2588.11
2026-03-14,GS-BRAND-001,Google Ads,471,43,905.59
2026-03-15,GS-BRAND-001,Google Ads,310,29,639.02
2026-03-16,GS-BRAND-001,Google Ads,907,86,1854.61
2026-03-17,GS-BRAND-001,Google Ads,645,57,1199.94
2026-03-18,GS-BRAND-001,Google Ads,632,57,1265.82
2026-03-19,GS-BRAND-001,Google Ads,806,71,1986.17
2026-03-20,GS-BRAND-001,Google Ads,1131,100,2309.12
2026-03-21,GS-BRAND-001,Google Ads,874,86,2038.64
2026-03-22,GS-BRAND-001,Google Ads,626,57,1158.38
2026-03-23,GS-BRAND-001,Google Ads,967,86,1709.25
2026-03-24,GS-BRAND-001,Google Ads,446,43,743.89
2026-03-25,GS-BRAND-001,Google Ads,825,71,1522.18
2026-03-26,GS-BRAND-001,Google Ads,1362,114,2052.31
2026-03-27,GS-BRAND-001,Google Ads,794,71,1572.84
2026-03-28,GS-BRAND-001,Google Ads,433,43,1000.83
2026-03-29,GS-BRAND-001,Google Ads,1554,143,3316.11
2026-03-30,GS-BRAND-001,Google Ads,1511,143,2925.92
2026-03-31,GS-BRAND-001,Google Ads,1080,100,1916.84
2026-04-01,GS-BRAND-001,Google Ads,1667,157,3441.1
2026-04-02,GS-BRAND-001,Google Ads,785,71,1461.06
2026-04-03,GS-BRAND-001,Google Ads,1014,100,1970.48
2026-04-04,GS-BRAND-001,Google Ads,899,86,2032.39
2026-04-05,GS-BRAND-001,Google Ads,907,86,1662.69
2026-04-06,GS-BRAND-001,Google Ads,984,86,2037.56
2026-04-07,GS-BRAND-001,Google Ads,921,86,1861.47
2026-04-08,GS-BRAND-001,Google Ads,931,86,1695.3
2026-04-09,GS-BRAND-001,Google Ads,601,57,1226.36
2026-04-10,GS-BRAND-001,Google Ads,1418,129,2569.76
2026-04-11,GS-BRAND-001,Google Ads,317,29,661.77
2026-04-12,GS-BRAND-001,Google Ads,669,57,1209.09
2026-04-13,GS-BRAND-001,Google Ads,1079,86,1973.22
2026-04-14,GS-BRAND-001,Google Ads,641,57,1439.93
2026-04-15,GS-BRAND-001,Google Ads,788,71,1589.73
2026-04-16,GS-BRAND-001,Google Ads,837,71,1617.74
2026-04-17,GS-BRAND-001,Google Ads,929,86,1805.87
2026-04-18,GS-BRAND-001,Google Ads,501,43,960.68
2026-04-19,GS-BRAND-001,Google Ads,654,57,1231.26
2026-04-20,GS-BRAND-001,Google Ads,505,43,928.16
2026-04-21,GS-BRAND-001,Google Ads,1465,129,2865.48
2026-04-22,GS-BRAND-001,Google Ads,1885,157,3969.56
2026-04-23,GS-BRAND-001,Google Ads,496,43,909.6
2026-04-24,GS-BRAND-001,Google Ads,443,43,821.0
2026-04-25,GS-BRAND-001,Google Ads,494,43,936.75
2026-04-26,GS-BRAND-001,Google Ads,644,57,1315.21
2026-04-27,GS-BRAND-001,Google Ads,1307,114,2865.59
2026-04-28,GS-BRAND-001,Google Ads,788,71,1418.91
2026-04-29,GS-BRAND-001,Google Ads,1216,114,2633.88
2026-04-30,GS-BRAND-001,Google Ads,932,86,1930.45
2026-05-01,GS-BRAND-001,Google Ads,842,71,1444.89
2026-05-02,GS-BRAND-001,Google Ads,512,43,960.85
2026-05-03,GS-BRAND-001,Google Ads,1479,129,2676.38
2026-05-04,GS-BRAND-001,Google Ads,900,86,2068.09
2026-05-05,GS-BRAND-001,Google Ads,1466,129,2671.41
2026-05-06,GS-BRAND-001,Google Ads,1002,86,1812.13
2026-05-07,GS-BRAND-001,Google Ads,1401,129,2978.17
2026-05-08,GS-BRAND-001,Google Ads,965,86,2151.56
2026-05-09,GS-BRAND-001,Google Ads,618,57,1131.65
2026-05-10,GS-BRAND-001,Google Ads,669,57,1284.43
2026-05-11,GS-BRAND-001,Google Ads,1605,143,2253.26
2026-05-12,GS-BRAND-001,Google Ads,1203,100,2314.55
2026-05-13,GS-BRAND-001,Google Ads,1288,114,2596.22
2026-05-14,GS-BRAND-001,Google Ads,478,43,952.22
2026-05-15,GS-BRAND-001,Google Ads,846,71,1331.58
2026-05-16,GS-BRAND-001,Google Ads,1124,100,1927.5
2026-05-17,GS-BRAND-001,Google Ads,786,71,1843.3
2026-05-18,GS-BRAND-001,Google Ads,1383,114,2722.03
2026-05-19,GS-BRAND-001,Google Ads,729,71,1648.82
2026-05-20,GS-BRAND-001,Google Ads,1267,114,2448.21
2026-05-21,GS-BRAND-001,Google Ads,2025,171,3680.43
2026-05-22,GS-BRAND-001,Google Ads,1310,114,2130.57
2026-05-23,GS-BRAND-001,Google Ads,606,57,1277.63
2026-05-24,GS-BRAND-001,Google Ads,433,43,885.9
2026-05-25,GS-BRAND-001,Google Ads,1225,100,2513.43
2026-05-26,GS-BRAND-001,Google Ads,441,43,1005.36
2026-05-27,GS-BRAND-001,Google Ads,448,43,796.19
2026-05-28,GS-BRAND-001,Google Ads,1352,129,2817.41
2026-05-29,GS-BRAND-001,Google Ads,962,86,1764.9
2026-05-30,GS-BRAND-001,Google Ads,612,57,1047.15
2026-05-31,GS-BRAND-001,Google Ads,1045,100,2392.47
2026-06-01,GS-BRAND-001,Google Ads,808,71,1756.14
2026-06-02,GS-BRAND-001,Google Ads,675,57,1317.25
2026-06-03,GS-BRAND-001,Google Ads,1121,100,2394.74
2026-06-04,GS-BRAND-001,Google Ads,636,57,1253.51
2026-06-05,GS-BRAND-001,Google Ads,1615,143,2802.46
2026-06-06,GS-BRAND-001,Google Ads,479,43,1017.99
2026-06-07,GS-BRAND-001,Google Ads,1325,114,2351.03
2026-06-08,GS-BRAND-001,Google Ads,1484,129,3255.45
2026-06-09,GS-BRAND-001,Google Ads,741,71,1666.24
2026-06-10,GS-BRAND-001,Google Ads,1054,100,2057.49
2026-06-11,GS-BRAND-001,Google Ads,1234,114,2722.76
2026-06-12,GS-BRAND-001,Google Ads,1231,114,2898.45
2026-06-13,GS-BRAND-001,Google Ads,698,57,1215.51
2026-06-14,GS-BRAND-001,Google Ads,572,57,1248.23
2026-06-15,GS-BRAND-001,Google Ads,1020,86,1793.55
2026-06-16,GS-BRAND-001,Google Ads,1972,186,3784.44
2026-06-17,GS-BRAND-001,Google Ads,938,86,1865.98
2026-06-18,GS-BRAND-001,Google Ads,776,71,1284.4
2026-06-19,GS-BRAND-001,Google Ads,674,57,1372.14
2026-06-20,GS-BRAND-001,Google Ads,460,43,902.0
2026-06-21,GS-BRAND-001,Google Ads,805,71,1639.24
2026-06-22,GS-BRAND-001,Google Ads,646,57,1339.84
2026-06-23,GS-BRAND-001,Google Ads,791,71,1417.96
2026-06-24,GS-BRAND-001,Google Ads,479,43,847.29
2026-06-25,GS-BRAND-001,Google Ads,320,29,695.16
2026-06-26,GS-BRAND-001,Google Ads,916,86,1597.7
2026-06-27,GS-BRAND-001,Google Ads,1507,129,2545.9
2026-06-28,GS-BRAND-001,Google Ads,622,57,1025.3
2026-06-29,GS-BRAND-001,Google Ads,924,86,2158.24
2026-01-01,GS-NB-MBA-002,Google Ads,7034,325,22901.35
2026-01-02,GS-NB-MBA-002,Google Ads,4503,200,10022.67
2026-01-03,GS-NB-MBA-002,Google Ads,4869,225,15194.32
2026-01-04,GS-NB-MBA-002,Google Ads,4910,225,15939.14
2026-01-05,GS-NB-MBA-002,Google Ads,4152,175,14004.47
2026-01-06,GS-NB-MBA-002,Google Ads,3654,175,10969.11
2026-01-07,GS-NB-MBA-002,Google Ads,9328,425,27974.58
2026-01-08,GS-NB-MBA-002,Google Ads,8647,375,26785.53
2026-01-09,GS-NB-MBA-002,Google Ads,7145,300,21419.35
2026-01-10,GS-NB-MBA-002,Google Ads,4307,200,12953.01
2026-01-11,GS-NB-MBA-002,Google Ads,6028,250,16744.18
2026-01-12,GS-NB-MBA-002,Google Ads,2767,125,9605.91
2026-01-13,GS-NB-MBA-002,Google Ads,2838,125,9006.11
2026-01-14,GS-NB-MBA-002,Google Ads,9725,425,36440.53
2026-01-15,GS-NB-MBA-002,Google Ads,5195,225,16643.81
2026-01-16,GS-NB-MBA-002,Google Ads,5801,275,19699.87
2026-01-17,GS-NB-MBA-002,Google Ads,6224,275,17992.62
2026-01-18,GS-NB-MBA-002,Google Ads,7433,325,19681.11
2026-01-19,GS-NB-MBA-002,Google Ads,7928,350,24811.82
2026-01-20,GS-NB-MBA-002,Google Ads,3970,175,10179.77
2026-01-21,GS-NB-MBA-002,Google Ads,5992,275,20245.67
2026-01-22,GS-NB-MBA-002,Google Ads,4174,200,14394.97
2026-01-23,GS-NB-MBA-002,Google Ads,9976,400,28008.85
2026-01-24,GS-NB-MBA-002,Google Ads,3523,175,11935.71
2026-01-25,GS-NB-MBA-002,Google Ads,4039,175,9419.25
2026-01-26,GS-NB-MBA-002,Google Ads,6239,300,20321.72
2026-01-27,GS-NB-MBA-002,Google Ads,7144,325,19426.62
2026-01-28,GS-NB-MBA-002,Google Ads,7029,325,23755.21
2026-01-29,GS-NB-MBA-002,Google Ads,4187,200,12881.22
2026-01-30,GS-NB-MBA-002,Google Ads,5892,275,19201.58
2026-01-31,GS-NB-MBA-002,Google Ads,6358,275,16885.52
2026-02-01,GS-NB-MBA-002,Google Ads,6785,300,18719.01
2026-02-02,GS-NB-MBA-002,Google Ads,5234,225,14779.35
2026-02-03,GS-NB-MBA-002,Google Ads,4675,200,11326.27
2026-02-04,GS-NB-MBA-002,Google Ads,3964,175,11738.42
2026-02-05,GS-NB-MBA-002,Google Ads,7837,350,21281.1
2026-02-06,GS-NB-MBA-002,Google Ads,7330,350,23501.4
2026-02-07,GS-NB-MBA-002,Google Ads,3704,175,11773.05
2026-02-08,GS-NB-MBA-002,Google Ads,4990,225,15555.92
2026-02-09,GS-NB-MBA-002,Google Ads,7375,325,22462.43
2026-02-10,GS-NB-MBA-002,Google Ads,3889,175,13529.79
2026-02-11,GS-NB-MBA-002,Google Ads,5213,225,13626.57
2026-02-12,GS-NB-MBA-002,Google Ads,5852,250,16261.54
2026-02-13,GS-NB-MBA-002,Google Ads,5495,250,14268.21
2026-02-14,GS-NB-MBA-002,Google Ads,3475,175,12073.62
2026-02-15,GS-NB-MBA-002,Google Ads,4550,225,13489.15
2026-02-16,GS-NB-MBA-002,Google Ads,3987,175,13113.73
2026-02-17,GS-NB-MBA-002,Google Ads,5497,250,18943.28
2026-02-18,GS-NB-MBA-002,Google Ads,3842,175,11137.43
2026-02-19,GS-NB-MBA-002,Google Ads,8964,400,28989.11
2026-02-20,GS-NB-MBA-002,Google Ads,3448,150,10767.49
2026-02-21,GS-NB-MBA-002,Google Ads,10810,450,34215.37
2026-02-22,GS-NB-MBA-002,Google Ads,4387,225,15092.93
2026-02-23,GS-NB-MBA-002,Google Ads,8191,350,24432.61
2026-02-24,GS-NB-MBA-002,Google Ads,3708,175,14192.71
2026-02-25,GS-NB-MBA-002,Google Ads,4773,200,13908.54
2026-02-26,GS-NB-MBA-002,Google Ads,5755,250,14728.77
2026-02-27,GS-NB-MBA-002,Google Ads,8281,350,25159.26
2026-02-28,GS-NB-MBA-002,Google Ads,5683,275,15908.21
2026-03-01,GS-NB-MBA-002,Google Ads,4243,200,11870.05
2026-03-02,GS-NB-MBA-002,Google Ads,4700,225,17791.14
2026-03-03,GS-NB-MBA-002,Google Ads,4874,225,17452.09
2026-03-04,GS-NB-MBA-002,Google Ads,4366,200,15615.18
2026-03-05,GS-NB-MBA-002,Google Ads,6024,250,14659.15
2026-03-06,GS-NB-MBA-002,Google Ads,4376,200,12359.57
2026-03-07,GS-NB-MBA-002,Google Ads,3558,175,10177.25
2026-03-08,GS-NB-MBA-002,Google Ads,3544,175,13200.07
2026-03-09,GS-NB-MBA-002,Google Ads,7348,325,25211.96
2026-03-10,GS-NB-MBA-002,Google Ads,5821,225,17543.56
2026-03-11,GS-NB-MBA-002,Google Ads,6897,325,21978.01
2026-03-12,GS-NB-MBA-002,Google Ads,6911,325,24693.44
2026-03-13,GS-NB-MBA-002,Google Ads,7496,325,20138.98
2026-03-14,GS-NB-MBA-002,Google Ads,5950,275,18461.82
2026-03-15,GS-NB-MBA-002,Google Ads,6012,250,20013.52
2026-03-16,GS-NB-MBA-002,Google Ads,5366,250,16676.35
2026-03-17,GS-NB-MBA-002,Google Ads,6984,325,26166.0
2026-03-18,GS-NB-MBA-002,Google Ads,6193,275,18360.77
2026-03-19,GS-NB-MBA-002,Google Ads,2351,100,6392.05
2026-03-20,GS-NB-MBA-002,Google Ads,7000,300,20135.34
2026-03-21,GS-NB-MBA-002,Google Ads,6414,300,19543.14
2026-03-22,GS-NB-MBA-002,Google Ads,4764,225,16702.14
2026-03-23,GS-NB-MBA-002,Google Ads,6105,250,15831.5
2026-03-24,GS-NB-MBA-002,Google Ads,5081,225,15001.96
2026-03-25,GS-NB-MBA-002,Google Ads,4785,225,17275.91
2026-03-26,GS-NB-MBA-002,Google Ads,2773,125,8931.29
2026-03-27,GS-NB-MBA-002,Google Ads,4614,200,15592.74
2026-03-28,GS-NB-MBA-002,Google Ads,7807,350,23290.14
2026-03-29,GS-NB-MBA-002,Google Ads,3550,150,9056.04
2026-03-30,GS-NB-MBA-002,Google Ads,10277,450,26692.39
2026-03-31,GS-NB-MBA-002,Google Ads,6106,275,22050.17
2026-04-01,GS-NB-MBA-002,Google Ads,13368,575,40694.02
2026-04-02,GS-NB-MBA-002,Google Ads,8171,350,23268.12
2026-04-03,GS-NB-MBA-002,Google Ads,10216,450,28196.58
2026-04-04,GS-NB-MBA-002,Google Ads,6645,325,23708.03
2026-04-05,GS-NB-MBA-002,Google Ads,7240,325,24436.0
2026-04-06,GS-NB-MBA-002,Google Ads,7631,325,23402.14
2026-04-07,GS-NB-MBA-002,Google Ads,5583,250,15172.08
2026-04-08,GS-NB-MBA-002,Google Ads,5367,250,17697.39
2026-04-09,GS-NB-MBA-002,Google Ads,7890,350,23895.59
2026-04-10,GS-NB-MBA-002,Google Ads,7578,350,24217.93
2026-04-11,GS-NB-MBA-002,Google Ads,4320,200,12879.76
2026-04-12,GS-NB-MBA-002,Google Ads,5443,250,20151.34
2026-04-13,GS-NB-MBA-002,Google Ads,9912,425,34345.97
2026-04-14,GS-NB-MBA-002,Google Ads,5538,250,19560.49
2026-04-15,GS-NB-MBA-002,Google Ads,7664,350,23431.33
2026-04-16,GS-NB-MBA-002,Google Ads,6272,275,17723.84
2026-04-17,GS-NB-MBA-002,Google Ads,5244,225,15605.61
2026-04-18,GS-NB-MBA-002,Google Ads,4716,225,15224.45
2026-04-19,GS-NB-MBA-002,Google Ads,6118,275,18164.44
2026-04-20,GS-NB-MBA-002,Google Ads,5331,250,17757.59
2026-04-21,GS-NB-MBA-002,Google Ads,6625,275,21590.0
2026-04-22,GS-NB-MBA-002,Google Ads,9562,450,30885.45
2026-04-23,GS-NB-MBA-002,Google Ads,2306,100,7648.77
2026-04-24,GS-NB-MBA-002,Google Ads,5660,225,14271.22
2026-04-25,GS-NB-MBA-002,Google Ads,4458,200,13315.29
2026-04-26,GS-NB-MBA-002,Google Ads,8179,375,27515.97
2026-04-27,GS-NB-MBA-002,Google Ads,9305,425,36778.1
2026-04-28,GS-NB-MBA-002,Google Ads,7263,350,23354.21
2026-04-29,GS-NB-MBA-002,Google Ads,4572,225,16571.21
2026-04-30,GS-NB-MBA-002,Google Ads,7798,325,24859.77
2026-05-01,GS-NB-MBA-002,Google Ads,3078,125,8599.6
2026-05-02,GS-NB-MBA-002,Google Ads,4744,225,15305.29
2026-05-03,GS-NB-MBA-002,Google Ads,3384,150,11152.89
2026-05-04,GS-NB-MBA-002,Google Ads,9827,425,25890.6
2026-05-05,GS-NB-MBA-002,Google Ads,10102,450,27209.0
2026-05-06,GS-NB-MBA-002,Google Ads,13423,550,43832.32
2026-05-07,GS-NB-MBA-002,Google Ads,6548,275,19520.65
2026-05-08,GS-NB-MBA-002,Google Ads,3777,175,11671.65
2026-05-09,GS-NB-MBA-002,Google Ads,4638,225,16787.84
2026-05-10,GS-NB-MBA-002,Google Ads,5178,250,16409.21
2026-05-11,GS-NB-MBA-002,Google Ads,6700,300,19393.39
2026-05-12,GS-NB-MBA-002,Google Ads,5556,275,16558.09
2026-05-13,GS-NB-MBA-002,Google Ads,7302,325,21387.18
2026-05-14,GS-NB-MBA-002,Google Ads,5544,250,20774.96
2026-05-15,GS-NB-MBA-002,Google Ads,5408,250,21531.2
2026-05-16,GS-NB-MBA-002,Google Ads,3507,175,9216.93
2026-05-17,GS-NB-MBA-002,Google Ads,5001,225,13654.59
2026-05-18,GS-NB-MBA-002,Google Ads,9171,375,25510.69
2026-05-19,GS-NB-MBA-002,Google Ads,10157,475,30537.63
2026-05-20,GS-NB-MBA-002,Google Ads,5833,250,16458.13
2026-05-21,GS-NB-MBA-002,Google Ads,5360,250,18919.23
2026-05-22,GS-NB-MBA-002,Google Ads,4258,175,11284.87
2026-05-23,GS-NB-MBA-002,Google Ads,4856,225,14879.22
2026-05-24,GS-NB-MBA-002,Google Ads,3587,175,13581.89
2026-05-25,GS-NB-MBA-002,Google Ads,8175,400,29709.66
2026-05-26,GS-NB-MBA-002,Google Ads,6060,275,18749.89
2026-05-27,GS-NB-MBA-002,Google Ads,6345,300,21743.9
2026-05-28,GS-NB-MBA-002,Google Ads,3397,150,10251.83
2026-05-29,GS-NB-MBA-002,Google Ads,10244,450,23908.56
2026-05-30,GS-NB-MBA-002,Google Ads,3940,175,11259.36
2026-05-31,GS-NB-MBA-002,Google Ads,5295,225,17602.69
2026-06-01,GS-NB-MBA-002,Google Ads,2254,100,8435.26
2026-06-02,GS-NB-MBA-002,Google Ads,7996,350,24071.94
2026-06-03,GS-NB-MBA-002,Google Ads,5221,250,16957.32
2026-06-04,GS-NB-MBA-002,Google Ads,4755,225,14102.07
2026-06-05,GS-NB-MBA-002,Google Ads,7927,350,22739.54
2026-06-06,GS-NB-MBA-002,Google Ads,9679,425,31203.29
2026-06-07,GS-NB-MBA-002,Google Ads,5129,225,15700.39
2026-06-08,GS-NB-MBA-002,Google Ads,5245,250,16792.48
2026-06-09,GS-NB-MBA-002,Google Ads,5258,250,17786.08
2026-06-10,GS-NB-MBA-002,Google Ads,7861,350,23495.2
2026-06-11,GS-NB-MBA-002,Google Ads,7203,325,25827.23
2026-06-12,GS-NB-MBA-002,Google Ads,9871,475,34324.03
2026-06-13,GS-NB-MBA-002,Google Ads,4506,225,17871.06
2026-06-14,GS-NB-MBA-002,Google Ads,4581,200,14069.74
2026-06-15,GS-NB-MBA-002,Google Ads,6213,275,19382.46
2026-06-16,GS-NB-MBA-002,Google Ads,6785,300,18053.78
2026-06-17,GS-NB-MBA-002,Google Ads,5360,225,14751.92
2026-06-18,GS-NB-MBA-002,Google Ads,5162,225,16687.77
2026-06-19,GS-NB-MBA-002,Google Ads,6525,275,17475.42
2026-06-20,GS-NB-MBA-002,Google Ads,4273,200,13809.73
2026-06-21,GS-NB-MBA-002,Google Ads,3145,150,12225.22
2026-06-22,GS-NB-MBA-002,Google Ads,3403,150,9569.61
2026-06-23,GS-NB-MBA-002,Google Ads,3349,150,8667.1
2026-06-24,GS-NB-MBA-002,Google Ads,5565,275,19646.53
2026-06-25,GS-NB-MBA-002,Google Ads,5292,225,15096.45
2026-06-26,GS-NB-MBA-002,Google Ads,8437,400,27655.95
2026-06-27,GS-NB-MBA-002,Google Ads,2182,100,6782.89
2026-06-28,GS-NB-MBA-002,Google Ads,1742,75,4889.85
2026-06-29,GS-NB-MBA-002,Google Ads,1735,75,5112.22
2026-01-01,GS-NB-DS-003,Google Ads,3864,152,14127.22
2026-01-02,GS-NB-DS-003,Google Ads,3913,152,12030.3
2026-01-03,GS-NB-DS-003,Google Ads,3123,121,10576.78
2026-01-04,GS-NB-DS-003,Google Ads,3751,152,10992.2
2026-01-05,GS-NB-DS-003,Google Ads,2369,91,9619.95
2026-01-06,GS-NB-DS-003,Google Ads,3082,121,10519.81
2026-01-07,GS-NB-DS-003,Google Ads,7433,303,29898.26
2026-01-08,GS-NB-DS-003,Google Ads,5579,212,22357.0
2026-01-09,GS-NB-DS-003,Google Ads,2207,91,7325.91
2026-01-10,GS-NB-DS-003,Google Ads,5073,212,13137.67
2026-01-11,GS-NB-DS-003,Google Ads,2206,91,7929.54
2026-01-12,GS-NB-DS-003,Google Ads,3143,121,9614.49
2026-01-13,GS-NB-DS-003,Google Ads,4368,182,15584.67
2026-01-14,GS-NB-DS-003,Google Ads,5264,212,15224.39
2026-01-15,GS-NB-DS-003,Google Ads,5968,242,21236.73
2026-01-16,GS-NB-DS-003,Google Ads,2244,91,7398.63
2026-01-17,GS-NB-DS-003,Google Ads,1525,61,5115.16
2026-01-18,GS-NB-DS-003,Google Ads,2011,91,8074.01
2026-01-19,GS-NB-DS-003,Google Ads,6364,242,21886.77
2026-01-20,GS-NB-DS-003,Google Ads,8448,333,27734.55
2026-01-21,GS-NB-DS-003,Google Ads,8525,333,30210.01
2026-01-22,GS-NB-DS-003,Google Ads,7583,303,27577.61
2026-01-23,GS-NB-DS-003,Google Ads,2091,91,7675.7
2026-01-24,GS-NB-DS-003,Google Ads,3772,152,13539.05
2026-01-25,GS-NB-DS-003,Google Ads,3097,121,11972.26
2026-01-26,GS-NB-DS-003,Google Ads,3039,121,9022.42
2026-01-27,GS-NB-DS-003,Google Ads,3870,152,12205.99
2026-01-28,GS-NB-DS-003,Google Ads,3868,152,13656.03
2026-01-29,GS-NB-DS-003,Google Ads,8684,333,24810.62
2026-01-30,GS-NB-DS-003,Google Ads,7161,303,27801.31
2026-01-31,GS-NB-DS-003,Google Ads,3853,152,11024.83
2026-02-01,GS-NB-DS-003,Google Ads,1402,61,5068.41
2026-02-02,GS-NB-DS-003,Google Ads,2244,91,8230.9
2026-02-03,GS-NB-DS-003,Google Ads,2417,91,8961.34
2026-02-04,GS-NB-DS-003,Google Ads,4735,182,14962.02
2026-02-05,GS-NB-DS-003,Google Ads,4264,182,17164.77
2026-02-06,GS-NB-DS-003,Google Ads,6981,333,32977.61
2026-02-07,GS-NB-DS-003,Google Ads,1520,61,4109.43
2026-02-08,GS-NB-DS-003,Google Ads,1533,61,4908.73
2026-02-09,GS-NB-DS-003,Google Ads,3205,121,8990.42
2026-02-10,GS-NB-DS-003,Google Ads,5770,212,17563.73
2026-02-11,GS-NB-DS-003,Google Ads,6798,273,19611.88
2026-02-12,GS-NB-DS-003,Google Ads,3889,152,12751.31
2026-02-13,GS-NB-DS-003,Google Ads,2966,121,10059.44
2026-02-14,GS-NB-DS-003,Google Ads,3982,152,12851.74
2026-02-15,GS-NB-DS-003,Google Ads,5712,242,21054.69
2026-02-16,GS-NB-DS-003,Google Ads,4726,182,17887.61
2026-02-17,GS-NB-DS-003,Google Ads,6094,242,20402.27
2026-02-18,GS-NB-DS-003,Google Ads,4015,182,14878.63
2026-02-19,GS-NB-DS-003,Google Ads,6448,273,24193.68
2026-02-20,GS-NB-DS-003,Google Ads,4564,182,15733.66
2026-02-21,GS-NB-DS-003,Google Ads,4969,182,16551.89
2026-02-22,GS-NB-DS-003,Google Ads,2847,121,8292.58
2026-02-23,GS-NB-DS-003,Google Ads,6089,242,20037.51
2026-02-24,GS-NB-DS-003,Google Ads,7273,273,22885.47
2026-02-25,GS-NB-DS-003,Google Ads,5853,212,19731.35
2026-02-26,GS-NB-DS-003,Google Ads,4558,182,16503.71
2026-02-27,GS-NB-DS-003,Google Ads,7734,303,24479.22
2026-02-28,GS-NB-DS-003,Google Ads,5349,212,18408.63
2026-03-01,GS-NB-DS-003,Google Ads,8140,303,25983.05
2026-03-02,GS-NB-DS-003,Google Ads,7896,333,28550.23
2026-03-03,GS-NB-DS-003,Google Ads,4495,182,14942.19
2026-03-04,GS-NB-DS-003,Google Ads,5308,212,16474.45
2026-03-05,GS-NB-DS-003,Google Ads,5350,212,17822.52
2026-03-06,GS-NB-DS-003,Google Ads,4102,152,13298.64
2026-03-07,GS-NB-DS-003,Google Ads,3663,152,13374.72
2026-03-08,GS-NB-DS-003,Google Ads,6132,242,19834.2
2026-03-09,GS-NB-DS-003,Google Ads,6185,242,20407.6
2026-03-10,GS-NB-DS-003,Google Ads,3684,152,13142.1
2026-03-11,GS-NB-DS-003,Google Ads,2446,91,8094.25
2026-03-12,GS-NB-DS-003,Google Ads,2228,91,8446.35
2026-03-13,GS-NB-DS-003,Google Ads,3945,152,12790.33
2026-03-14,GS-NB-DS-003,Google Ads,5271,212,14646.11
2026-03-15,GS-NB-DS-003,Google Ads,5223,212,15381.86
2026-03-16,GS-NB-DS-003,Google Ads,8003,303,26388.96
2026-03-17,GS-NB-DS-003,Google Ads,4845,182,16129.98
2026-03-18,GS-NB-DS-003,Google Ads,3955,152,10179.09
2026-03-19,GS-NB-DS-003,Google Ads,2745,121,9186.86
2026-03-20,GS-NB-DS-003,Google Ads,5274,212,19452.85
2026-03-21,GS-NB-DS-003,Google Ads,4607,182,12927.08
2026-03-22,GS-NB-DS-003,Google Ads,1585,61,5282.53
2026-03-23,GS-NB-DS-003,Google Ads,5894,242,23458.44
2026-03-24,GS-NB-DS-003,Google Ads,6026,242,20532.65
2026-03-25,GS-NB-DS-003,Google Ads,3124,121,9104.1
2026-03-26,GS-NB-DS-003,Google Ads,5083,182,18326.62
2026-03-27,GS-NB-DS-003,Google Ads,7365,303,27322.56
2026-03-28,GS-NB-DS-003,Google Ads,8695,364,30048.82
2026-03-29,GS-NB-DS-003,Google Ads,4556,182,15432.42
2026-03-30,GS-NB-DS-003,Google Ads,6243,242,19286.84
2026-03-31,GS-NB-DS-003,Google Ads,3639,152,12849.73
2026-04-01,GS-NB-DS-003,Google Ads,6127,242,18723.35
2026-04-02,GS-NB-DS-003,Google Ads,8717,364,28948.43
2026-04-03,GS-NB-DS-003,Google Ads,5080,212,18362.75
2026-04-04,GS-NB-DS-003,Google Ads,2905,121,8366.6
2026-04-05,GS-NB-DS-003,Google Ads,2758,121,11367.44
2026-04-06,GS-NB-DS-003,Google Ads,7782,303,21543.51
2026-04-07,GS-NB-DS-003,Google Ads,6295,242,21908.84
2026-04-08,GS-NB-DS-003,Google Ads,6726,273,27068.31
2026-04-09,GS-NB-DS-003,Google Ads,3946,182,16608.97
2026-04-10,GS-NB-DS-003,Google Ads,5985,242,20888.73
2026-04-11,GS-NB-DS-003,Google Ads,5544,242,19506.44
2026-04-12,GS-NB-DS-003,Google Ads,2244,91,7215.76
2026-04-13,GS-NB-DS-003,Google Ads,6338,242,22746.87
2026-04-14,GS-NB-DS-003,Google Ads,5307,212,16928.53
2026-04-15,GS-NB-DS-003,Google Ads,3063,121,8855.06
2026-04-16,GS-NB-DS-003,Google Ads,5111,212,17984.94
2026-04-17,GS-NB-DS-003,Google Ads,1636,61,6089.68
2026-04-18,GS-NB-DS-003,Google Ads,4069,152,12445.04
2026-04-19,GS-NB-DS-003,Google Ads,3978,152,10782.8
2026-04-20,GS-NB-DS-003,Google Ads,2920,121,10527.96
2026-04-21,GS-NB-DS-003,Google Ads,6059,242,25005.25
2026-04-22,GS-NB-DS-003,Google Ads,5989,242,19522.36
2026-04-23,GS-NB-DS-003,Google Ads,6215,242,20145.36
2026-04-24,GS-NB-DS-003,Google Ads,4665,182,16470.53
2026-04-25,GS-NB-DS-003,Google Ads,1444,61,5294.47
2026-04-26,GS-NB-DS-003,Google Ads,4021,152,13298.28
2026-04-27,GS-NB-DS-003,Google Ads,6772,303,24070.7
2026-04-28,GS-NB-DS-003,Google Ads,4712,182,16759.03
2026-04-29,GS-NB-DS-003,Google Ads,6409,273,26331.02
2026-04-30,GS-NB-DS-003,Google Ads,6638,273,22476.18
2026-05-01,GS-NB-DS-003,Google Ads,7420,303,22544.01
2026-05-02,GS-NB-DS-003,Google Ads,4720,182,13231.39
2026-05-03,GS-NB-DS-003,Google Ads,3238,152,11916.1
2026-05-04,GS-NB-DS-003,Google Ads,8646,333,27302.66
2026-05-05,GS-NB-DS-003,Google Ads,4082,182,15474.31
2026-05-06,GS-NB-DS-003,Google Ads,6529,242,21562.86
2026-05-07,GS-NB-DS-003,Google Ads,6650,273,22025.66
2026-05-08,GS-NB-DS-003,Google Ads,2337,91,8987.38
2026-05-09,GS-NB-DS-003,Google Ads,4477,182,14779.43
2026-05-10,GS-NB-DS-003,Google Ads,3068,121,9885.54
2026-05-11,GS-NB-DS-003,Google Ads,3850,152,14009.01
2026-05-12,GS-NB-DS-003,Google Ads,2140,91,7092.02
2026-05-13,GS-NB-DS-003,Google Ads,6260,273,25871.79
2026-05-14,GS-NB-DS-003,Google Ads,1522,61,4842.08
2026-05-15,GS-NB-DS-003,Google Ads,3653,152,11510.53
2026-05-16,GS-NB-DS-003,Google Ads,699,30,2523.8
2026-05-17,GS-NB-DS-003,Google Ads,2382,91,7766.9
2026-05-18,GS-NB-DS-003,Google Ads,8615,333,26959.68
2026-05-19,GS-NB-DS-003,Google Ads,6114,273,21833.65
2026-05-20,GS-NB-DS-003,Google Ads,6440,273,26683.84
2026-05-21,GS-NB-DS-003,Google Ads,8084,303,24388.41
2026-05-22,GS-NB-DS-003,Google Ads,4020,182,16170.53
2026-05-23,GS-NB-DS-003,Google Ads,7314,303,22746.12
2026-05-24,GS-NB-DS-003,Google Ads,4364,182,13660.35
2026-05-25,GS-NB-DS-003,Google Ads,7040,273,20615.38
2026-05-26,GS-NB-DS-003,Google Ads,8954,364,32638.01
2026-05-27,GS-NB-DS-003,Google Ads,8256,333,25529.96
2026-05-28,GS-NB-DS-003,Google Ads,7117,273,24125.68
2026-05-29,GS-NB-DS-003,Google Ads,4218,182,16746.92
2026-05-30,GS-NB-DS-003,Google Ads,2238,91,6340.93
2026-05-31,GS-NB-DS-003,Google Ads,8088,333,28779.83
2026-06-01,GS-NB-DS-003,Google Ads,4985,212,17756.55
2026-06-02,GS-NB-DS-003,Google Ads,5207,212,17497.01
2026-06-03,GS-NB-DS-003,Google Ads,6685,273,24750.46
2026-06-04,GS-NB-DS-003,Google Ads,5437,212,19543.17
2026-06-05,GS-NB-DS-003,Google Ads,12166,455,42900.98
2026-06-06,GS-NB-DS-003,Google Ads,6407,242,22169.69
2026-06-07,GS-NB-DS-003,Google Ads,2852,121,10152.57
2026-06-08,GS-NB-DS-003,Google Ads,6826,273,22549.28
2026-06-09,GS-NB-DS-003,Google Ads,5542,212,15973.98
2026-06-10,GS-NB-DS-003,Google Ads,4219,152,12796.31
2026-06-11,GS-NB-DS-003,Google Ads,9961,394,34841.39
2026-06-12,GS-NB-DS-003,Google Ads,6235,242,21681.86
2026-06-13,GS-NB-DS-003,Google Ads,1559,61,6230.42
2026-06-14,GS-NB-DS-003,Google Ads,10277,455,43795.83
2026-06-15,GS-NB-DS-003,Google Ads,5517,212,16017.62
2026-06-16,GS-NB-DS-003,Google Ads,4681,182,14601.74
2026-06-17,GS-NB-DS-003,Google Ads,7537,303,28423.53
2026-06-18,GS-NB-DS-003,Google Ads,5936,242,17613.77
2026-06-19,GS-NB-DS-003,Google Ads,4654,182,16161.93
2026-06-20,GS-NB-DS-003,Google Ads,4122,152,11692.22
2026-06-21,GS-NB-DS-003,Google Ads,3074,121,9807.17
2026-06-22,GS-NB-DS-003,Google Ads,3612,152,13984.7
2026-06-23,GS-NB-DS-003,Google Ads,2305,91,7464.76
2026-06-24,GS-NB-DS-003,Google Ads,4669,182,16005.84
2026-06-25,GS-NB-DS-003,Google Ads,3978,152,11551.89
2026-06-26,GS-NB-DS-003,Google Ads,8538,333,28158.76
2026-06-27,GS-NB-DS-003,Google Ads,3307,121,9352.04
2026-06-28,GS-NB-DS-003,Google Ads,4719,212,21557.12
2026-06-29,GS-NB-DS-003,Google Ads,5801,242,19606.63
2026-01-31,GS-COMP-004,Google Ads,3985,143,7469.37
2026-02-01,GS-COMP-004,Google Ads,3172,107,4886.12
2026-02-02,GS-COMP-004,Google Ads,8316,286,15056.15
2026-02-03,GS-COMP-004,Google Ads,2852,107,6083.09
2026-02-04,GS-COMP-004,Google Ads,11793,429,24778.58
2026-02-05,GS-COMP-004,Google Ads,2088,71,3877.2
2026-02-06,GS-COMP-004,Google Ads,1852,71,4012.07
2026-02-07,GS-COMP-004,Google Ads,3032,107,6427.25
2026-02-08,GS-COMP-004,Google Ads,4774,179,10089.48
2026-02-09,GS-COMP-004,Google Ads,5076,179,9494.94
2026-02-10,GS-COMP-004,Google Ads,5561,179,7398.91
2026-02-11,GS-COMP-004,Google Ads,2845,107,5408.17
2026-02-12,GS-COMP-004,Google Ads,7520,250,11123.58
2026-02-13,GS-COMP-004,Google Ads,1103,36,1911.97
2026-02-14,GS-COMP-004,Google Ads,9845,357,24085.33
2026-02-15,GS-COMP-004,Google Ads,3253,107,6383.68
2026-02-16,GS-COMP-004,Google Ads,3044,107,5881.3
2026-02-17,GS-COMP-004,Google Ads,5219,179,8423.55
2026-02-18,GS-COMP-004,Google Ads,4044,143,8028.44
2026-02-19,GS-COMP-004,Google Ads,4919,179,9625.07
2026-02-20,GS-COMP-004,Google Ads,3222,107,5285.15
2026-02-21,GS-COMP-004,Google Ads,7675,250,15008.46
2026-02-22,GS-COMP-004,Google Ads,2094,71,4260.84
2026-02-23,GS-COMP-004,Google Ads,5271,179,9856.06
2026-02-24,GS-COMP-004,Google Ads,5895,214,11869.62
2026-02-25,GS-COMP-004,Google Ads,2920,107,6431.18
2026-02-26,GS-COMP-004,Google Ads,7785,286,16994.72
2026-02-27,GS-COMP-004,Google Ads,5303,179,9140.63
2026-02-28,GS-COMP-004,Google Ads,2029,71,4073.58
2026-03-01,GS-COMP-004,Google Ads,5923,214,13532.86
2026-03-02,GS-COMP-004,Google Ads,3243,107,6069.92
2026-03-03,GS-COMP-004,Google Ads,1032,36,2041.81
2026-03-04,GS-COMP-004,Google Ads,2914,107,7379.3
2026-03-05,GS-COMP-004,Google Ads,5890,214,10250.65
2026-03-06,GS-COMP-004,Google Ads,3107,107,5206.06
2026-03-07,GS-COMP-004,Google Ads,1928,71,4045.18
2026-03-08,GS-COMP-004,Google Ads,1927,71,3456.86
2026-03-09,GS-COMP-004,Google Ads,2196,71,3756.85
2026-03-10,GS-COMP-004,Google Ads,1001,36,1635.08
2026-03-11,GS-COMP-004,Google Ads,7534,286,13762.66
2026-03-12,GS-COMP-004,Google Ads,4894,179,9306.4
2026-03-13,GS-COMP-004,Google Ads,1029,36,1557.04
2026-03-14,GS-COMP-004,Google Ads,5451,179,9753.95
2026-03-15,GS-COMP-004,Google Ads,1071,36,2301.69
2026-03-16,GS-COMP-004,Google Ads,1017,36,1977.73
2026-03-17,GS-COMP-004,Google Ads,2098,71,3588.4
2026-03-18,GS-COMP-004,Google Ads,3094,107,6621.3
2026-03-19,GS-COMP-004,Google Ads,3257,107,5779.23
2026-03-20,GS-COMP-004,Google Ads,5937,214,12782.2
2026-03-21,GS-COMP-004,Google Ads,3186,107,6128.03
2026-03-22,GS-COMP-004,Google Ads,4289,143,7864.98
2026-03-23,GS-COMP-004,Google Ads,3932,143,8857.15
2026-03-24,GS-COMP-004,Google Ads,3030,107,5605.1
2026-03-25,GS-COMP-004,Google Ads,3970,143,7832.14
2026-03-26,GS-COMP-004,Google Ads,971,36,2017.03
2026-03-27,GS-COMP-004,Google Ads,1030,36,1785.31
2026-03-28,GS-COMP-004,Google Ads,3124,107,5999.49
2026-03-29,GS-COMP-004,Google Ads,3997,143,7246.77
2026-03-30,GS-COMP-004,Google Ads,4960,179,9478.39
2026-03-31,GS-COMP-004,Google Ads,2187,71,4089.38
2026-04-01,GS-COMP-004,Google Ads,5735,179,10601.5
2026-04-02,GS-COMP-004,Google Ads,11299,393,21511.39
2026-04-03,GS-COMP-004,Google Ads,4000,143,9022.85
2026-04-04,GS-COMP-004,Google Ads,4264,143,7026.87
2026-04-05,GS-COMP-004,Google Ads,5856,179,8707.64
2026-04-06,GS-COMP-004,Google Ads,4785,179,9350.69
2026-04-07,GS-COMP-004,Google Ads,7048,250,12645.19
2026-04-08,GS-COMP-004,Google Ads,6235,214,12420.34
2026-04-09,GS-COMP-004,Google Ads,4781,179,9164.76
2026-04-10,GS-COMP-004,Google Ads,2040,71,4112.34
2026-04-11,GS-COMP-004,Google Ads,1930,71,3927.51
2026-04-12,GS-COMP-004,Google Ads,908,36,2180.49
2026-04-13,GS-COMP-004,Google Ads,2132,71,3517.16
2026-04-14,GS-COMP-004,Google Ads,2075,71,3789.14
2026-04-15,GS-COMP-004,Google Ads,3236,107,4952.12
2026-04-16,GS-COMP-004,Google Ads,5345,179,11787.52
2026-04-17,GS-COMP-004,Google Ads,1056,36,2100.03
2026-04-18,GS-COMP-004,Google Ads,5055,179,9375.21
2026-04-19,GS-COMP-004,Google Ads,4771,179,9862.9
2026-04-20,GS-COMP-004,Google Ads,3081,107,6904.86
2026-04-21,GS-COMP-004,Google Ads,5048,179,8989.28
2026-04-22,GS-COMP-004,Google Ads,4383,143,8398.28
2026-04-23,GS-COMP-004,Google Ads,2099,71,3512.96
2026-04-24,GS-COMP-004,Google Ads,1028,36,1946.05
2026-04-25,GS-COMP-004,Google Ads,5243,179,10894.13
2026-04-26,GS-COMP-004,Google Ads,1063,36,1703.84
2026-04-27,GS-COMP-004,Google Ads,4143,143,7787.93
2026-04-28,GS-COMP-004,Google Ads,5306,179,8379.08
2026-04-29,GS-COMP-004,Google Ads,2224,71,4467.95
2026-04-30,GS-COMP-004,Google Ads,3137,107,5138.44
2026-05-01,GS-COMP-004,Google Ads,7126,250,12873.26
2026-05-02,GS-COMP-004,Google Ads,4612,179,8808.93
2026-05-03,GS-COMP-004,Google Ads,4156,143,7726.36
2026-05-04,GS-COMP-004,Google Ads,3028,107,5982.01
2026-05-05,GS-COMP-004,Google Ads,1995,71,4031.42
2026-05-06,GS-COMP-004,Google Ads,5378,179,12619.13
2026-05-07,GS-COMP-004,Google Ads,6030,214,13362.58
2026-05-08,GS-COMP-004,Google Ads,1992,71,3906.12
2026-05-09,GS-COMP-004,Google Ads,1901,71,3509.85
2026-05-10,GS-COMP-004,Google Ads,1967,71,3725.01
2026-05-11,GS-COMP-004,Google Ads,3173,107,5237.38
2026-05-12,GS-COMP-004,Google Ads,1964,71,3472.9
2026-05-13,GS-COMP-004,Google Ads,4070,143,8571.79
2026-05-14,GS-COMP-004,Google Ads,4121,143,7421.54
2026-05-15,GS-COMP-004,Google Ads,2161,71,4298.68
2026-05-16,GS-COMP-004,Google Ads,0,0,0.0
2026-05-17,GS-COMP-004,Google Ads,4199,143,8619.45
2026-05-18,GS-COMP-004,Google Ads,4901,179,11053.0
2026-05-19,GS-COMP-004,Google Ads,3886,143,6651.07
2026-05-20,GS-COMP-004,Google Ads,7370,250,14043.24
2026-05-21,GS-COMP-004,Google Ads,2135,71,3754.84
2026-05-22,GS-COMP-004,Google Ads,1901,71,3953.19
2026-05-23,GS-COMP-004,Google Ads,2968,107,6033.28
2026-05-24,GS-COMP-004,Google Ads,981,36,2032.36
2026-05-25,GS-COMP-004,Google Ads,0,0,0.0
2026-05-26,GS-COMP-004,Google Ads,3009,107,6249.21
2026-05-27,GS-COMP-004,Google Ads,4996,179,9283.51
2026-05-28,GS-COMP-004,Google Ads,1906,71,4586.59
2026-05-29,GS-COMP-004,Google Ads,6063,214,11502.9
2026-05-30,GS-COMP-004,Google Ads,3860,143,6170.86
2026-05-31,GS-COMP-004,Google Ads,1123,36,2224.61
2026-06-01,GS-COMP-004,Google Ads,1848,71,4097.91
2026-06-02,GS-COMP-004,Google Ads,4067,143,7490.46
2026-06-03,GS-COMP-004,Google Ads,4237,143,7825.11
2026-06-04,GS-COMP-004,Google Ads,3980,143,8730.55
2026-06-05,GS-COMP-004,Google Ads,4958,179,9825.64
2026-06-06,GS-COMP-004,Google Ads,7224,250,12448.58
2026-06-07,GS-COMP-004,Google Ads,7770,250,13728.99
2026-06-08,GS-COMP-004,Google Ads,6407,214,10913.22
2026-06-09,GS-COMP-004,Google Ads,7440,250,11147.5
2026-06-10,GS-COMP-004,Google Ads,2851,107,5764.08
2026-06-11,GS-COMP-004,Google Ads,965,36,1994.0
2026-06-12,GS-COMP-004,Google Ads,7887,286,17778.04
2026-06-13,GS-COMP-004,Google Ads,1033,36,1709.25
2026-06-14,GS-COMP-004,Google Ads,2212,71,3858.89
2026-06-15,GS-COMP-004,Google Ads,6850,250,13323.85
2026-06-16,GS-COMP-004,Google Ads,5465,179,10458.29
2026-06-17,GS-COMP-004,Google Ads,3959,143,7605.87
2026-06-18,GS-COMP-004,Google Ads,7466,250,12390.2
2026-06-19,GS-COMP-004,Google Ads,4402,143,7139.53
2026-06-20,GS-COMP-004,Google Ads,7410,250,14945.59
2026-06-21,GS-COMP-004,Google Ads,981,36,1900.03
2026-06-22,GS-COMP-004,Google Ads,2779,107,6387.96
2026-06-23,GS-COMP-004,Google Ads,2019,71,3717.55
2026-06-24,GS-COMP-004,Google Ads,4514,143,7393.07
2026-06-25,GS-COMP-004,Google Ads,2920,107,5878.6
2026-06-26,GS-COMP-004,Google Ads,5355,179,9823.85
2026-06-27,GS-COMP-004,Google Ads,7097,250,13515.38
2026-06-28,GS-COMP-004,Google Ads,3107,107,5595.01
2026-06-29,GS-COMP-004,Google Ads,2931,107,5943.98
2026-03-02,GS-PMAX-005,Google Ads,4027,86,2727.03
2026-03-03,GS-PMAX-005,Google Ads,1597,29,738.71
2026-03-04,GS-PMAX-005,Google Ads,14843,286,8408.18
2026-03-05,GS-PMAX-005,Google Ads,2895,57,1708.68
2026-03-06,GS-PMAX-005,Google Ads,8547,171,4251.39
2026-03-07,GS-PMAX-005,Google Ads,1563,29,782.83
2026-03-08,GS-PMAX-005,Google Ads,0,0,0.0
2026-03-09,GS-PMAX-005,Google Ads,4360,86,2688.87
2026-03-10,GS-PMAX-005,Google Ads,7340,143,4065.9
2026-03-11,GS-PMAX-005,Google Ads,6024,114,3907.09
2026-03-12,GS-PMAX-005,Google Ads,4075,86,2887.65
2026-03-13,GS-PMAX-005,Google Ads,3274,57,1766.34
2026-03-14,GS-PMAX-005,Google Ads,5550,114,3767.0
2026-03-15,GS-PMAX-005,Google Ads,1497,29,866.82
2026-03-16,GS-PMAX-005,Google Ads,4662,86,2274.99
2026-03-17,GS-PMAX-005,Google Ads,1504,29,874.62
2026-03-18,GS-PMAX-005,Google Ads,0,0,0.0
2026-03-19,GS-PMAX-005,Google Ads,6152,114,3504.11
2026-03-20,GS-PMAX-005,Google Ads,1513,29,814.04
2026-03-21,GS-PMAX-005,Google Ads,2780,57,1697.98
2026-03-22,GS-PMAX-005,Google Ads,2779,57,2020.05
2026-03-23,GS-PMAX-005,Google Ads,1398,29,937.88
2026-03-24,GS-PMAX-005,Google Ads,2887,57,1540.62
2026-03-25,GS-PMAX-005,Google Ads,2901,57,1540.06
2026-03-26,GS-PMAX-005,Google Ads,4114,86,2390.67
2026-03-27,GS-PMAX-005,Google Ads,4506,86,2795.4
2026-03-28,GS-PMAX-005,Google Ads,2964,57,1621.65
2026-03-29,GS-PMAX-005,Google Ads,5640,114,3247.1
2026-03-30,GS-PMAX-005,Google Ads,7132,143,4904.53
2026-03-31,GS-PMAX-005,Google Ads,1419,29,884.83
2026-04-01,GS-PMAX-005,Google Ads,4484,86,3137.94
2026-04-02,GS-PMAX-005,Google Ads,10555,229,7055.96
2026-04-03,GS-PMAX-005,Google Ads,4121,86,3091.44
2026-04-04,GS-PMAX-005,Google Ads,3723,86,2548.36
2026-04-05,GS-PMAX-005,Google Ads,1412,29,887.13
2026-04-06,GS-PMAX-005,Google Ads,1470,29,830.01
2026-04-07,GS-PMAX-005,Google Ads,6733,143,4026.17
2026-04-08,GS-PMAX-005,Google Ads,2830,57,1572.97
2026-04-09,GS-PMAX-005,Google Ads,5875,114,3453.8
2026-04-10,GS-PMAX-005,Google Ads,1432,29,664.94
2026-04-11,GS-PMAX-005,Google Ads,2798,57,1973.41
2026-04-12,GS-PMAX-005,Google Ads,2856,57,1722.96
2026-04-13,GS-PMAX-005,Google Ads,2702,57,1940.81
2026-04-14,GS-PMAX-005,Google Ads,1392,29,830.56
2026-04-15,GS-PMAX-005,Google Ads,4275,86,2589.39
2026-04-16,GS-PMAX-005,Google Ads,2781,57,1447.12
2026-04-17,GS-PMAX-005,Google Ads,7629,143,4668.44
2026-04-18,GS-PMAX-005,Google Ads,3990,86,2369.16
2026-04-19,GS-PMAX-005,Google Ads,4179,86,2684.83
2026-04-20,GS-PMAX-005,Google Ads,1498,29,798.3
2026-04-21,GS-PMAX-005,Google Ads,1481,29,932.5
2026-04-22,GS-PMAX-005,Google Ads,0,0,0.0
2026-04-23,GS-PMAX-005,Google Ads,11341,229,7085.79
2026-04-24,GS-PMAX-005,Google Ads,5971,114,3610.08
2026-04-25,GS-PMAX-005,Google Ads,0,0,0.0
2026-04-26,GS-PMAX-005,Google Ads,2799,57,1577.55
2026-04-27,GS-PMAX-005,Google Ads,3259,57,1535.02
2026-04-28,GS-PMAX-005,Google Ads,2915,57,1919.49
2026-04-29,GS-PMAX-005,Google Ads,10363,200,5583.02
2026-04-30,GS-PMAX-005,Google Ads,1468,29,947.78
2026-05-01,GS-PMAX-005,Google Ads,4384,86,2535.9
2026-05-02,GS-PMAX-005,Google Ads,2772,57,1876.95
2026-05-03,GS-PMAX-005,Google Ads,0,0,0.0
2026-05-04,GS-PMAX-005,Google Ads,4199,86,2789.06
2026-05-05,GS-PMAX-005,Google Ads,4603,86,2849.73
2026-05-06,GS-PMAX-005,Google Ads,7098,143,3905.94
2026-05-07,GS-PMAX-005,Google Ads,0,0,0.0
2026-05-08,GS-PMAX-005,Google Ads,5769,114,3764.85
2026-05-09,GS-PMAX-005,Google Ads,2818,57,1981.24
2026-05-10,GS-PMAX-005,Google Ads,3122,57,1626.57
2026-05-11,GS-PMAX-005,Google Ads,2785,57,2003.01
2026-05-12,GS-PMAX-005,Google Ads,4366,86,2419.71
2026-05-13,GS-PMAX-005,Google Ads,3095,57,1742.14
2026-05-14,GS-PMAX-005,Google Ads,5600,114,3461.14
2026-05-15,GS-PMAX-005,Google Ads,4215,86,2697.68
2026-05-16,GS-PMAX-005,Google Ads,2934,57,1675.36
2026-05-17,GS-PMAX-005,Google Ads,1399,29,953.23
2026-05-18,GS-PMAX-005,Google Ads,2909,57,1943.67
2026-05-19,GS-PMAX-005,Google Ads,1444,29,781.06
2026-05-20,GS-PMAX-005,Google Ads,2634,57,1600.65
2026-05-21,GS-PMAX-005,Google Ads,5407,114,3881.67
2026-05-22,GS-PMAX-005,Google Ads,2737,57,1587.91
2026-05-23,GS-PMAX-005,Google Ads,4238,86,2585.09
2026-05-24,GS-PMAX-005,Google Ads,7214,143,4726.53
2026-05-25,GS-PMAX-005,Google Ads,2939,57,1788.93
2026-05-26,GS-PMAX-005,Google Ads,6836,143,4572.83
2026-05-27,GS-PMAX-005,Google Ads,2755,57,1682.45
2026-05-28,GS-PMAX-005,Google Ads,4329,86,2460.17
2026-05-29,GS-PMAX-005,Google Ads,5718,114,3283.94
2026-05-30,GS-PMAX-005,Google Ads,4012,86,2821.64
2026-05-31,GS-PMAX-005,Google Ads,2933,57,1741.6
2026-06-01,GS-PMAX-005,Google Ads,5855,114,3175.64
2026-06-02,GS-PMAX-005,Google Ads,5818,114,3425.55
2026-06-03,GS-PMAX-005,Google Ads,1444,29,894.29
2026-06-04,GS-PMAX-005,Google Ads,7395,143,4732.31
2026-06-05,GS-PMAX-005,Google Ads,2984,57,1554.48
2026-06-06,GS-PMAX-005,Google Ads,4411,86,3197.61
2026-06-07,GS-PMAX-005,Google Ads,2756,57,1420.91
2026-06-08,GS-PMAX-005,Google Ads,2660,57,1780.26
2026-06-09,GS-PMAX-005,Google Ads,8591,171,4383.13
2026-06-10,GS-PMAX-005,Google Ads,2879,57,1822.79
2026-06-11,GS-PMAX-005,Google Ads,4280,86,2638.93
2026-06-12,GS-PMAX-005,Google Ads,2699,57,1760.85
2026-06-13,GS-PMAX-005,Google Ads,0,0,0.0
2026-06-14,GS-PMAX-005,Google Ads,0,0,0.0
2026-06-15,GS-PMAX-005,Google Ads,2807,57,1589.31
2026-06-16,GS-PMAX-005,Google Ads,5467,114,3740.37
2026-06-17,GS-PMAX-005,Google Ads,4317,86,2760.05
2026-06-18,GS-PMAX-005,Google Ads,1478,29,921.03
2026-06-19,GS-PMAX-005,Google Ads,5541,114,3449.46
2026-06-20,GS-PMAX-005,Google Ads,1452,29,777.82
2026-06-21,GS-PMAX-005,Google Ads,4329,86,2692.42
2026-06-22,GS-PMAX-005,Google Ads,2744,57,1631.0
2026-06-23,GS-PMAX-005,Google Ads,3040,57,1828.25
2026-06-24,GS-PMAX-005,Google Ads,1390,29,913.7
2026-06-25,GS-PMAX-005,Google Ads,4509,86,2485.5
2026-06-26,GS-PMAX-005,Google Ads,9933,200,5218.81
2026-06-27,GS-PMAX-005,Google Ads,1326,29,933.99
2026-06-28,GS-PMAX-005,Google Ads,0,0,0.0
2026-06-29,GS-PMAX-005,Google Ads,8761,171,5098.17
2026-01-01,META-PROS-001,Meta Ads,30702,360,4463.55
2026-01-02,META-PROS-001,Meta Ads,26880,320,4380.88
2026-01-03,META-PROS-001,Meta Ads,40533,520,8244.51
2026-01-04,META-PROS-001,Meta Ads,31719,400,5092.8
2026-01-05,META-PROS-001,Meta Ads,30684,360,5178.67
2026-01-06,META-PROS-001,Meta Ads,16363,200,2760.92
2026-01-07,META-PROS-001,Meta Ads,30625,400,5667.2
2026-01-08,META-PROS-001,Meta Ads,29939,360,5089.87
2026-01-09,META-PROS-001,Meta Ads,23457,280,4285.94
2026-01-10,META-PROS-001,Meta Ads,26762,320,4758.22
2026-01-11,META-PROS-001,Meta Ads,30639,360,5072.66
2026-01-12,META-PROS-001,Meta Ads,23488,280,3671.06
2026-01-13,META-PROS-001,Meta Ads,21441,240,3034.72
2026-01-14,META-PROS-001,Meta Ads,21651,280,3427.57
2026-01-15,META-PROS-001,Meta Ads,16997,200,2913.63
2026-01-16,META-PROS-001,Meta Ads,17457,200,2592.5
2026-01-17,META-PROS-001,Meta Ads,29608,360,4575.49
2026-01-18,META-PROS-001,Meta Ads,21029,240,3148.23
2026-01-19,META-PROS-001,Meta Ads,26548,320,4324.97
2026-01-20,META-PROS-001,Meta Ads,17762,240,3057.8
2026-01-21,META-PROS-001,Meta Ads,9982,120,1441.43
2026-01-22,META-PROS-001,Meta Ads,32134,400,6225.71
2026-01-23,META-PROS-001,Meta Ads,17292,200,2747.29
2026-01-24,META-PROS-001,Meta Ads,12400,160,1994.34
2026-01-25,META-PROS-001,Meta Ads,10143,120,1562.57
2026-01-26,META-PROS-001,Meta Ads,27481,360,4880.82
2026-01-27,META-PROS-001,Meta Ads,19209,240,3531.76
2026-01-28,META-PROS-001,Meta Ads,14860,200,2442.5
2026-01-29,META-PROS-001,Meta Ads,34298,400,4944.0
2026-01-30,META-PROS-001,Meta Ads,13614,160,2639.26
2026-01-31,META-PROS-001,Meta Ads,0,0,0.0
2026-02-01,META-PROS-001,Meta Ads,20499,240,4094.86
2026-02-02,META-PROS-001,Meta Ads,17576,200,2882.06
2026-02-03,META-PROS-001,Meta Ads,19650,240,3455.71
2026-02-04,META-PROS-001,Meta Ads,24062,280,3857.49
2026-02-05,META-PROS-001,Meta Ads,24599,280,3793.81
2026-02-06,META-PROS-001,Meta Ads,19386,240,3301.5
2026-02-07,META-PROS-001,Meta Ads,24686,280,4225.13
2026-02-08,META-PROS-001,Meta Ads,22486,280,3917.76
2026-02-09,META-PROS-001,Meta Ads,21897,280,4244.68
2026-02-10,META-PROS-001,Meta Ads,17024,200,2623.4
2026-02-11,META-PROS-001,Meta Ads,27191,320,5273.24
2026-02-12,META-PROS-001,Meta Ads,23312,280,3727.56
2026-02-13,META-PROS-001,Meta Ads,19869,240,3709.19
2026-02-14,META-PROS-001,Meta Ads,12819,160,2183.28
2026-02-15,META-PROS-001,Meta Ads,23776,280,3889.57
2026-02-16,META-PROS-001,Meta Ads,28359,360,4655.28
2026-02-17,META-PROS-001,Meta Ads,29969,320,5408.63
2026-02-18,META-PROS-001,Meta Ads,19053,200,2306.75
2026-02-19,META-PROS-001,Meta Ads,11438,120,1505.09
2026-02-20,META-PROS-001,Meta Ads,6563,80,1217.44
2026-02-21,META-PROS-001,Meta Ads,3480,40,599.78
2026-02-22,META-PROS-001,Meta Ads,10105,120,1706.29
2026-02-23,META-PROS-001,Meta Ads,3186,40,504.48
2026-02-24,META-PROS-001,Meta Ads,10238,120,1906.02
2026-02-25,META-PROS-001,Meta Ads,0,0,0.0
2026-02-26,META-PROS-001,Meta Ads,16674,200,2843.69
2026-02-27,META-PROS-001,Meta Ads,24005,280,3836.05
2026-02-28,META-PROS-001,Meta Ads,13834,160,2243.66
2026-03-01,META-PROS-001,Meta Ads,14434,160,2530.98
2026-03-02,META-PROS-001,Meta Ads,22437,240,3242.41
2026-03-03,META-PROS-001,Meta Ads,23606,280,4063.77
2026-03-04,META-PROS-001,Meta Ads,10109,120,1527.8
2026-03-05,META-PROS-001,Meta Ads,9397,120,2042.9
2026-03-06,META-PROS-001,Meta Ads,25122,320,3769.86
2026-03-07,META-PROS-001,Meta Ads,20645,240,3561.35
2026-03-08,META-PROS-001,Meta Ads,6622,80,1162.68
2026-03-09,META-PROS-001,Meta Ads,5917,80,1356.1
2026-03-10,META-PROS-001,Meta Ads,13268,160,2346.56
2026-03-11,META-PROS-001,Meta Ads,22336,240,3190.95
2026-03-12,META-PROS-001,Meta Ads,26649,320,4766.8
2026-03-13,META-PROS-001,Meta Ads,16159,200,3021.52
2026-03-14,META-PROS-001,Meta Ads,19712,240,4093.68
2026-03-15,META-PROS-001,Meta Ads,21576,280,4324.65
2026-03-16,META-PROS-001,Meta Ads,19945,240,3630.9
2026-03-17,META-PROS-001,Meta Ads,7031,80,903.31
2026-03-18,META-PROS-001,Meta Ads,20871,240,3000.09
2026-03-19,META-PROS-001,Meta Ads,9401,120,1657.87
2026-03-20,META-PROS-001,Meta Ads,10005,120,1598.44
2026-03-21,META-PROS-001,Meta Ads,13274,160,2519.56
2026-03-22,META-PROS-001,Meta Ads,13601,160,1993.49
2026-03-23,META-PROS-001,Meta Ads,16117,200,3544.43
2026-03-24,META-PROS-001,Meta Ads,19378,240,3110.9
2026-03-25,META-PROS-001,Meta Ads,6678,80,1159.37
2026-03-26,META-PROS-001,Meta Ads,20846,240,3574.65
2026-03-27,META-PROS-001,Meta Ads,15470,200,3146.84
2026-03-28,META-PROS-001,Meta Ads,10042,120,1676.55
2026-03-29,META-PROS-001,Meta Ads,12492,160,2369.07
2026-03-30,META-PROS-001,Meta Ads,13720,160,2235.98
2026-03-31,META-PROS-001,Meta Ads,29004,320,5059.06
2026-04-01,META-PROS-001,Meta Ads,34375,400,6230.01
2026-04-02,META-PROS-001,Meta Ads,10486,120,1587.85
2026-04-03,META-PROS-001,Meta Ads,3234,40,639.25
2026-04-04,META-PROS-001,Meta Ads,28665,360,4832.93
2026-04-05,META-PROS-001,Meta Ads,17932,200,2255.34
2026-04-06,META-PROS-001,Meta Ads,31149,360,4611.39
2026-04-07,META-PROS-001,Meta Ads,23548,280,4221.73
2026-04-08,META-PROS-001,Meta Ads,30390,360,5341.22
2026-04-09,META-PROS-001,Meta Ads,13162,160,2026.57
2026-04-10,META-PROS-001,Meta Ads,14259,160,2463.93
2026-04-11,META-PROS-001,Meta Ads,13140,160,2193.73
2026-04-12,META-PROS-001,Meta Ads,26018,320,4866.12
2026-04-13,META-PROS-001,Meta Ads,20709,240,3716.34
2026-04-14,META-PROS-001,Meta Ads,26022,320,4586.57
2026-04-15,META-PROS-001,Meta Ads,25651,320,3672.51
2026-04-16,META-PROS-001,Meta Ads,19804,240,3365.1
2026-04-17,META-PROS-001,Meta Ads,6542,80,1035.95
2026-04-18,META-PROS-001,Meta Ads,20961,280,4088.44
2026-04-19,META-PROS-001,Meta Ads,13506,160,2105.29
2026-04-20,META-PROS-001,Meta Ads,13899,160,2571.99
2026-04-21,META-PROS-001,Meta Ads,22052,280,3997.04
2026-04-22,META-PROS-001,Meta Ads,16455,200,3300.18
2026-04-23,META-PROS-001,Meta Ads,10405,120,1780.21
2026-04-24,META-PROS-001,Meta Ads,27985,320,4253.75
2026-04-25,META-PROS-001,Meta Ads,13793,160,2043.85
2026-04-26,META-PROS-001,Meta Ads,13599,160,2379.46
2026-04-27,META-PROS-001,Meta Ads,18734,240,4143.05
2026-04-28,META-PROS-001,Meta Ads,11968,160,2558.22
2026-04-29,META-PROS-001,Meta Ads,7228,80,972.94
2026-04-30,META-PROS-001,Meta Ads,13356,160,2007.67
2026-05-01,META-PROS-001,Meta Ads,19779,240,3800.87
2026-05-02,META-PROS-001,Meta Ads,9971,120,1769.94
2026-05-03,META-PROS-001,Meta Ads,23865,280,4166.75
2026-05-04,META-PROS-001,Meta Ads,16590,200,2624.82
2026-05-05,META-PROS-001,Meta Ads,14208,160,2015.74
2026-05-06,META-PROS-001,Meta Ads,18915,200,3151.1
2026-05-07,META-PROS-001,Meta Ads,24672,280,4172.76
2026-05-08,META-PROS-001,Meta Ads,6446,80,1149.85
2026-05-09,META-PROS-001,Meta Ads,13397,160,2310.16
2026-05-10,META-PROS-001,Meta Ads,13146,160,2270.27
2026-05-11,META-PROS-001,Meta Ads,23628,280,3685.26
2026-05-12,META-PROS-001,Meta Ads,9986,120,1803.52
2026-05-13,META-PROS-001,Meta Ads,25948,280,3788.93
2026-05-14,META-PROS-001,Meta Ads,20170,240,3358.28
2026-05-15,META-PROS-001,Meta Ads,33641,440,6417.03
2026-05-16,META-PROS-001,Meta Ads,15688,200,2653.63
2026-05-17,META-PROS-001,Meta Ads,13659,160,2347.82
2026-05-18,META-PROS-001,Meta Ads,25939,320,4319.74
2026-05-19,META-PROS-001,Meta Ads,24909,280,4442.37
2026-05-20,META-PROS-001,Meta Ads,15953,200,2638.95
2026-05-21,META-PROS-001,Meta Ads,17431,200,2603.18
2026-05-22,META-PROS-001,Meta Ads,16971,200,2546.63
2026-05-23,META-PROS-001,Meta Ads,33334,400,5508.34
2026-05-24,META-PROS-001,Meta Ads,3401,40,635.77
2026-05-25,META-PROS-001,Meta Ads,32798,400,5294.33
2026-05-26,META-PROS-001,Meta Ads,13636,160,2402.72
2026-05-27,META-PROS-001,Meta Ads,20783,240,3308.38
2026-05-28,META-PROS-001,Meta Ads,21962,240,3478.25
2026-05-29,META-PROS-001,Meta Ads,12683,160,2467.09
2026-05-30,META-PROS-001,Meta Ads,13300,160,2245.5
2026-05-31,META-PROS-001,Meta Ads,30216,360,4940.57
2026-06-01,META-PROS-001,Meta Ads,3504,40,609.62
2026-06-02,META-PROS-001,Meta Ads,33978,400,6259.2
2026-06-03,META-PROS-001,Meta Ads,19145,240,3743.01
2026-06-04,META-PROS-001,Meta Ads,16231,200,2524.89
2026-06-05,META-PROS-001,Meta Ads,13245,160,1988.2
2026-06-06,META-PROS-001,Meta Ads,6201,80,1471.66
2026-06-07,META-PROS-001,Meta Ads,9689,120,1588.65
2026-06-08,META-PROS-001,Meta Ads,19065,240,3392.32
2026-06-09,META-PROS-001,Meta Ads,20736,240,3666.94
2026-06-10,META-PROS-001,Meta Ads,12594,160,2313.46
2026-06-11,META-PROS-001,Meta Ads,26568,320,3639.83
2026-06-12,META-PROS-001,Meta Ads,9717,120,1842.26
2026-06-13,META-PROS-001,Meta Ads,24408,280,4009.33
2026-06-14,META-PROS-001,Meta Ads,13363,160,2131.37
2026-06-15,META-PROS-001,Meta Ads,40329,520,6816.28
2026-06-16,META-PROS-001,Meta Ads,29035,360,6274.26
2026-06-17,META-PROS-001,Meta Ads,22037,280,4452.01
2026-06-18,META-PROS-001,Meta Ads,6588,80,1282.23
2026-06-19,META-PROS-001,Meta Ads,9806,120,1934.74
2026-06-20,META-PROS-001,Meta Ads,18287,200,2757.94
2026-06-21,META-PROS-001,Meta Ads,17146,200,2966.39
2026-06-22,META-PROS-001,Meta Ads,22899,280,4165.27
2026-06-23,META-PROS-001,Meta Ads,35044,400,5493.88
2026-06-24,META-PROS-001,Meta Ads,19920,240,3764.21
2026-06-25,META-PROS-001,Meta Ads,13262,160,2125.48
2026-06-26,META-PROS-001,Meta Ads,6283,80,1196.03
2026-06-27,META-PROS-001,Meta Ads,13225,160,2028.39
2026-06-28,META-PROS-001,Meta Ads,10736,120,1946.81
2026-06-29,META-PROS-001,Meta Ads,7198,80,971.21
2026-01-21,META-RT-002,Meta Ads,9078,171,1477.73
2026-01-22,META-RT-002,Meta Ads,5763,114,904.26
2026-01-23,META-RT-002,Meta Ads,5727,114,1146.36
2026-01-24,META-RT-002,Meta Ads,12140,229,2052.46
2026-01-25,META-RT-002,Meta Ads,8774,171,1450.42
2026-01-26,META-RT-002,Meta Ads,6718,143,1166.1
2026-01-27,META-RT-002,Meta Ads,6235,114,1075.91
2026-01-28,META-RT-002,Meta Ads,13007,257,2563.99
2026-01-29,META-RT-002,Meta Ads,10557,200,2047.35
2026-01-30,META-RT-002,Meta Ads,8446,171,1731.14
2026-01-31,META-RT-002,Meta Ads,9557,200,1705.31
2026-02-01,META-RT-002,Meta Ads,2968,57,565.32
2026-02-02,META-RT-002,Meta Ads,7585,143,1371.17
2026-02-03,META-RT-002,Meta Ads,9415,200,1930.26
2026-02-04,META-RT-002,Meta Ads,5723,114,931.34
2026-02-05,META-RT-002,Meta Ads,5686,114,1063.01
2026-02-06,META-RT-002,Meta Ads,6488,143,1275.96
2026-02-07,META-RT-002,Meta Ads,7652,143,1416.16
2026-02-08,META-RT-002,Meta Ads,10050,200,2004.82
2026-02-09,META-RT-002,Meta Ads,13889,286,2703.45
2026-02-10,META-RT-002,Meta Ads,8598,171,1816.25
2026-02-11,META-RT-002,Meta Ads,5746,114,939.63
2026-02-12,META-RT-002,Meta Ads,6678,143,1198.16
2026-02-13,META-RT-002,Meta Ads,10308,229,2121.87
2026-02-14,META-RT-002,Meta Ads,6281,114,875.87
2026-02-15,META-RT-002,Meta Ads,5750,114,1018.3
2026-02-16,META-RT-002,Meta Ads,7542,143,1304.03
2026-02-17,META-RT-002,Meta Ads,4307,86,727.87
2026-02-18,META-RT-002,Meta Ads,9200,171,1353.79
2026-02-19,META-RT-002,Meta Ads,4456,86,748.78
2026-02-20,META-RT-002,Meta Ads,1454,29,225.35
2026-02-21,META-RT-002,Meta Ads,5664,114,1008.67
2026-02-22,META-RT-002,Meta Ads,0,0,0.0
2026-02-23,META-RT-002,Meta Ads,9357,171,1897.05
2026-02-24,META-RT-002,Meta Ads,7840,171,1663.84
2026-02-25,META-RT-002,Meta Ads,1450,29,240.96
2026-02-26,META-RT-002,Meta Ads,4866,86,652.15
2026-02-27,META-RT-002,Meta Ads,2634,57,595.72
2026-02-28,META-RT-002,Meta Ads,2972,57,502.75
2026-03-01,META-RT-002,Meta Ads,0,0,0.0
2026-03-02,META-RT-002,Meta Ads,2656,57,545.4
2026-03-03,META-RT-002,Meta Ads,7400,143,1223.41
2026-03-04,META-RT-002,Meta Ads,11355,229,1756.1
2026-03-05,META-RT-002,Meta Ads,5551,114,1110.22
2026-03-06,META-RT-002,Meta Ads,5396,114,970.72
2026-03-07,META-RT-002,Meta Ads,1480,29,277.85
2026-03-08,META-RT-002,Meta Ads,4405,86,748.99
2026-03-09,META-RT-002,Meta Ads,0,0,0.0
2026-03-10,META-RT-002,Meta Ads,0,0,0.0
2026-03-11,META-RT-002,Meta Ads,2956,57,455.23
2026-03-12,META-RT-002,Meta Ads,6474,114,1012.87
2026-03-13,META-RT-002,Meta Ads,1412,29,227.62
2026-03-14,META-RT-002,Meta Ads,2830,57,630.18
2026-03-15,META-RT-002,Meta Ads,4372,86,896.42
2026-03-16,META-RT-002,Meta Ads,6356,143,1367.56
2026-03-17,META-RT-002,Meta Ads,1399,29,203.22
2026-03-18,META-RT-002,Meta Ads,2893,57,468.97
2026-03-19,META-RT-002,Meta Ads,2886,57,466.12
2026-03-20,META-RT-002,Meta Ads,6965,143,1178.35
2026-03-21,META-RT-002,Meta Ads,5413,114,862.73
2026-03-22,META-RT-002,Meta Ads,7544,143,1238.36
2026-03-23,META-RT-002,Meta Ads,9732,200,1797.84
2026-03-24,META-RT-002,Meta Ads,7323,143,1115.17
2026-03-25,META-RT-002,Meta Ads,6907,143,1337.78
2026-03-26,META-RT-002,Meta Ads,4758,86,684.44
2026-03-27,META-RT-002,Meta Ads,4358,86,714.29
2026-03-28,META-RT-002,Meta Ads,15582,314,3035.54
2026-03-29,META-RT-002,Meta Ads,10375,200,2105.09
2026-03-30,META-RT-002,Meta Ads,7277,143,1376.93
2026-03-31,META-RT-002,Meta Ads,5794,114,1102.29
2026-04-01,META-RT-002,Meta Ads,12153,257,2325.68
2026-04-02,META-RT-002,Meta Ads,4293,86,661.64
2026-04-03,META-RT-002,Meta Ads,2838,57,457.41
2026-04-04,META-RT-002,Meta Ads,7254,143,1217.31
2026-04-05,META-RT-002,Meta Ads,10568,229,2057.94
2026-04-06,META-RT-002,Meta Ads,11891,229,2328.44
2026-04-07,META-RT-002,Meta Ads,2667,57,561.4
2026-04-08,META-RT-002,Meta Ads,4138,86,749.55
2026-04-09,META-RT-002,Meta Ads,5523,114,1170.33
2026-04-10,META-RT-002,Meta Ads,2957,57,569.53
2026-04-11,META-RT-002,Meta Ads,7476,143,1134.06
2026-04-12,META-RT-002,Meta Ads,6925,143,1419.23
2026-04-13,META-RT-002,Meta Ads,2737,57,416.81
2026-04-14,META-RT-002,Meta Ads,4814,86,851.78
2026-04-15,META-RT-002,Meta Ads,5771,114,1014.94
2026-04-16,META-RT-002,Meta Ads,6409,114,957.37
2026-04-17,META-RT-002,Meta Ads,9806,200,1639.6
2026-04-18,META-RT-002,Meta Ads,6770,143,1393.24
2026-04-19,META-RT-002,Meta Ads,5144,114,973.02
2026-04-20,META-RT-002,Meta Ads,4108,86,858.97
2026-04-21,META-RT-002,Meta Ads,5494,114,1016.75
2026-04-22,META-RT-002,Meta Ads,3092,57,556.91
2026-04-23,META-RT-002,Meta Ads,4438,86,662.29
2026-04-24,META-RT-002,Meta Ads,5730,114,993.76
2026-04-25,META-RT-002,Meta Ads,4427,86,742.64
2026-04-26,META-RT-002,Meta Ads,4493,86,820.36
2026-04-27,META-RT-002,Meta Ads,5517,114,940.87
2026-04-28,META-RT-002,Meta Ads,4089,86,776.52
2026-04-29,META-RT-002,Meta Ads,7559,143,1392.44
2026-04-30,META-RT-002,Meta Ads,10111,200,2586.97
2026-05-01,META-RT-002,Meta Ads,5758,114,1105.65
2026-05-02,META-RT-002,Meta Ads,5772,114,1166.38
2026-05-03,META-RT-002,Meta Ads,7479,143,1284.68
2026-05-04,META-RT-002,Meta Ads,5952,114,1022.28
2026-05-05,META-RT-002,Meta Ads,8259,171,1529.96
2026-05-06,META-RT-002,Meta Ads,2961,57,499.4
2026-05-07,META-RT-002,Meta Ads,6629,143,1195.31
2026-05-08,META-RT-002,Meta Ads,6781,143,1423.78
2026-05-09,META-RT-002,Meta Ads,5774,114,1048.73
2026-05-10,META-RT-002,Meta Ads,9068,200,1786.35
2026-05-11,META-RT-002,Meta Ads,6077,114,1003.78
2026-05-12,META-RT-002,Meta Ads,9575,171,1496.73
2026-05-13,META-RT-002,Meta Ads,2845,57,635.63
2026-05-14,META-RT-002,Meta Ads,7216,143,1564.56
2026-05-15,META-RT-002,Meta Ads,4577,86,843.59
2026-05-16,META-RT-002,Meta Ads,8454,171,1684.23
2026-05-17,META-RT-002,Meta Ads,4319,86,688.4
2026-05-18,META-RT-002,Meta Ads,7467,143,1442.73
2026-05-19,META-RT-002,Meta Ads,1404,29,256.01
2026-05-20,META-RT-002,Meta Ads,6132,114,1031.1
2026-05-21,META-RT-002,Meta Ads,5926,114,963.89
2026-05-22,META-RT-002,Meta Ads,5294,114,1181.6
2026-05-23,META-RT-002,Meta Ads,2824,57,460.88
2026-05-24,META-RT-002,Meta Ads,5689,114,949.14
2026-05-25,META-RT-002,Meta Ads,10846,200,1796.57
2026-05-26,META-RT-002,Meta Ads,6993,143,1190.2
2026-05-27,META-RT-002,Meta Ads,16231,314,2861.75
2026-05-28,META-RT-002,Meta Ads,1445,29,253.76
2026-05-29,META-RT-002,Meta Ads,10544,200,1808.0
2026-05-30,META-RT-002,Meta Ads,4109,86,879.28
2026-05-31,META-RT-002,Meta Ads,8686,171,1630.58
2026-06-01,META-RT-002,Meta Ads,9319,200,2012.98
2026-06-02,META-RT-002,Meta Ads,10072,200,1734.75
2026-06-03,META-RT-002,Meta Ads,13226,286,2798.5
2026-06-04,META-RT-002,Meta Ads,2666,57,561.44
2026-06-05,META-RT-002,Meta Ads,2901,57,515.65
2026-06-06,META-RT-002,Meta Ads,5588,114,886.93
2026-06-07,META-RT-002,Meta Ads,3027,57,509.53
2026-06-08,META-RT-002,Meta Ads,8633,171,1840.79
2026-06-09,META-RT-002,Meta Ads,9892,200,1502.25
2026-06-10,META-RT-002,Meta Ads,7189,143,1180.94
2026-06-11,META-RT-002,Meta Ads,11789,229,2473.25
2026-06-12,META-RT-002,Meta Ads,5604,114,1112.47
2026-06-13,META-RT-002,Meta Ads,2538,57,465.25
2026-06-14,META-RT-002,Meta Ads,8470,171,1819.56
2026-06-15,META-RT-002,Meta Ads,4535,86,662.5
2026-06-16,META-RT-002,Meta Ads,2582,57,503.39
2026-06-17,META-RT-002,Meta Ads,5277,114,1039.37
2026-06-18,META-RT-002,Meta Ads,1454,29,228.85
2026-06-19,META-RT-002,Meta Ads,6719,114,1127.28
2026-06-20,META-RT-002,Meta Ads,4283,86,857.79
2026-06-21,META-RT-002,Meta Ads,2870,57,452.02
2026-06-22,META-RT-002,Meta Ads,2762,57,587.71
2026-06-23,META-RT-002,Meta Ads,5648,114,1117.66
2026-06-24,META-RT-002,Meta Ads,2643,57,567.78
2026-06-25,META-RT-002,Meta Ads,6568,143,1153.43
2026-06-26,META-RT-002,Meta Ads,4312,86,826.13
2026-06-27,META-RT-002,Meta Ads,0,0,0.0
2026-06-28,META-RT-002,Meta Ads,5827,114,1069.33
2026-06-29,META-RT-002,Meta Ads,1455,29,257.99
2026-02-15,META-LAL-003,Meta Ads,3971,45,673.43
2026-02-16,META-LAL-003,Meta Ads,16458,182,2615.91
2026-02-17,META-LAL-003,Meta Ads,4088,45,644.24
2026-02-18,META-LAL-003,Meta Ads,8084,91,1752.64
2026-02-19,META-LAL-003,Meta Ads,28807,318,4755.93
2026-02-20,META-LAL-003,Meta Ads,18922,182,3259.35
2026-02-21,META-LAL-003,Meta Ads,8047,91,1485.35
2026-02-22,META-LAL-003,Meta Ads,27519,318,4980.75
2026-02-23,META-LAL-003,Meta Ads,23332,273,4093.31
2026-02-24,META-LAL-003,Meta Ads,39181,409,6376.37
2026-02-25,META-LAL-003,Meta Ads,12308,136,2257.34
2026-02-26,META-LAL-003,Meta Ads,39753,409,5888.48
2026-02-27,META-LAL-003,Meta Ads,12241,136,2354.21
2026-02-28,META-LAL-003,Meta Ads,12696,136,2663.02
2026-03-01,META-LAL-003,Meta Ads,16438,182,2665.78
2026-03-02,META-LAL-003,Meta Ads,17318,182,2780.2
2026-03-03,META-LAL-003,Meta Ads,8287,91,1420.86
2026-03-04,META-LAL-003,Meta Ads,12609,136,1858.28
2026-03-05,META-LAL-003,Meta Ads,7879,91,1481.6
2026-03-06,META-LAL-003,Meta Ads,12553,136,2099.13
2026-03-07,META-LAL-003,Meta Ads,22254,227,4084.87
2026-03-08,META-LAL-003,Meta Ads,13460,136,2307.88
2026-03-09,META-LAL-003,Meta Ads,25784,273,4521.1
2026-03-10,META-LAL-003,Meta Ads,20991,227,3554.76
2026-03-11,META-LAL-003,Meta Ads,21489,273,3418.96
2026-03-12,META-LAL-003,Meta Ads,17924,182,2922.25
2026-03-13,META-LAL-003,Meta Ads,15710,182,3446.05
2026-03-14,META-LAL-003,Meta Ads,20319,227,4002.41
2026-03-15,META-LAL-003,Meta Ads,22617,227,3388.26
2026-03-16,META-LAL-003,Meta Ads,24510,273,3821.3
2026-03-17,META-LAL-003,Meta Ads,17114,182,2585.38
2026-03-18,META-LAL-003,Meta Ads,24019,273,5048.02
2026-03-19,META-LAL-003,Meta Ads,12431,136,2187.35
2026-03-20,META-LAL-003,Meta Ads,16880,182,3173.62
2026-03-21,META-LAL-003,Meta Ads,12654,136,2332.96
2026-03-22,META-LAL-003,Meta Ads,20933,227,3574.45
2026-03-23,META-LAL-003,Meta Ads,29570,364,6194.67
2026-03-24,META-LAL-003,Meta Ads,21825,227,3298.19
2026-03-25,META-LAL-003,Meta Ads,14834,182,3411.1
2026-03-26,META-LAL-003,Meta Ads,22496,227,3804.27
2026-03-27,META-LAL-003,Meta Ads,20007,227,4234.41
2026-03-28,META-LAL-003,Meta Ads,29663,318,4798.18
2026-03-29,META-LAL-003,Meta Ads,20098,227,3821.76
2026-03-30,META-LAL-003,Meta Ads,32282,364,5743.32
2026-03-31,META-LAL-003,Meta Ads,12324,136,1932.55
2026-04-01,META-LAL-003,Meta Ads,30418,364,5149.25
2026-04-02,META-LAL-003,Meta Ads,17353,182,3229.41
2026-04-03,META-LAL-003,Meta Ads,35061,364,6846.77
2026-04-04,META-LAL-003,Meta Ads,8124,91,1330.99
2026-04-05,META-LAL-003,Meta Ads,8697,91,1725.85
2026-04-06,META-LAL-003,Meta Ads,19717,227,3850.65
2026-04-07,META-LAL-003,Meta Ads,18962,227,3241.54
2026-04-08,META-LAL-003,Meta Ads,4010,45,650.92
2026-04-09,META-LAL-003,Meta Ads,20462,227,3683.22
2026-04-10,META-LAL-003,Meta Ads,8321,91,1662.98
2026-04-11,META-LAL-003,Meta Ads,21337,227,3353.6
2026-04-12,META-LAL-003,Meta Ads,25514,273,4915.77
2026-04-13,META-LAL-003,Meta Ads,8191,91,1439.47
2026-04-14,META-LAL-003,Meta Ads,15525,182,2838.25
2026-04-15,META-LAL-003,Meta Ads,28687,318,4343.4
2026-04-16,META-LAL-003,Meta Ads,22596,227,3538.31
2026-04-17,META-LAL-003,Meta Ads,20382,227,3201.37
2026-04-18,META-LAL-003,Meta Ads,8583,91,1443.9
2026-04-19,META-LAL-003,Meta Ads,8565,91,1244.46
2026-04-20,META-LAL-003,Meta Ads,8671,91,1884.22
2026-04-21,META-LAL-003,Meta Ads,8244,91,1557.44
2026-04-22,META-LAL-003,Meta Ads,13036,136,2244.98
2026-04-23,META-LAL-003,Meta Ads,22586,227,3466.35
2026-04-24,META-LAL-003,Meta Ads,16539,182,2801.42
2026-04-25,META-LAL-003,Meta Ads,15001,182,2806.71
2026-04-26,META-LAL-003,Meta Ads,32243,364,5958.0
2026-04-27,META-LAL-003,Meta Ads,35552,409,7445.76
2026-04-28,META-LAL-003,Meta Ads,26024,273,5450.19
2026-04-29,META-LAL-003,Meta Ads,20538,227,3633.73
2026-04-30,META-LAL-003,Meta Ads,12116,136,2194.03
2026-05-01,META-LAL-003,Meta Ads,22917,273,4322.28
2026-05-02,META-LAL-003,Meta Ads,26853,273,3816.32
2026-05-03,META-LAL-003,Meta Ads,8078,91,1561.17
2026-05-04,META-LAL-003,Meta Ads,13103,136,2632.69
2026-05-05,META-LAL-003,Meta Ads,16098,182,2943.7
2026-05-06,META-LAL-003,Meta Ads,16564,182,2953.17
2026-05-07,META-LAL-003,Meta Ads,8389,91,1767.08
2026-05-08,META-LAL-003,Meta Ads,13043,136,1729.83
2026-05-09,META-LAL-003,Meta Ads,17144,182,3105.52
2026-05-10,META-LAL-003,Meta Ads,19340,227,4376.79
2026-05-11,META-LAL-003,Meta Ads,9006,91,1444.21
2026-05-12,META-LAL-003,Meta Ads,11246,136,2451.02
2026-05-13,META-LAL-003,Meta Ads,13464,136,2053.59
2026-05-14,META-LAL-003,Meta Ads,20498,227,3742.05
2026-05-15,META-LAL-003,Meta Ads,17590,182,3575.52
2026-05-16,META-LAL-003,Meta Ads,17026,182,2795.82
2026-05-17,META-LAL-003,Meta Ads,15389,182,2818.61
2026-05-18,META-LAL-003,Meta Ads,17185,182,3177.1
2026-05-19,META-LAL-003,Meta Ads,24279,273,5359.78
2026-05-20,META-LAL-003,Meta Ads,16391,182,3275.52
2026-05-21,META-LAL-003,Meta Ads,22754,227,3474.29
2026-05-22,META-LAL-003,Meta Ads,12179,136,2428.25
2026-05-23,META-LAL-003,Meta Ads,21482,227,4124.16
2026-05-24,META-LAL-003,Meta Ads,0,0,0.0
2026-05-25,META-LAL-003,Meta Ads,16658,182,2806.21
2026-05-26,META-LAL-003,Meta Ads,24041,273,4258.41
2026-05-27,META-LAL-003,Meta Ads,17510,182,2936.35
2026-05-28,META-LAL-003,Meta Ads,16096,182,2638.74
2026-05-29,META-LAL-003,Meta Ads,21768,227,4117.74
2026-05-30,META-LAL-003,Meta Ads,3878,45,690.36
2026-05-31,META-LAL-003,Meta Ads,30103,318,5540.72
2026-06-01,META-LAL-003,Meta Ads,28766,318,5220.22
2026-06-02,META-LAL-003,Meta Ads,28385,318,5034.35
2026-06-03,META-LAL-003,Meta Ads,31114,318,5215.06
2026-06-04,META-LAL-003,Meta Ads,38598,409,5996.95
2026-06-05,META-LAL-003,Meta Ads,44400,455,7895.48
2026-06-06,META-LAL-003,Meta Ads,20363,227,3120.73
2026-06-07,META-LAL-003,Meta Ads,8000,91,1491.26
2026-06-08,META-LAL-003,Meta Ads,15669,182,3191.89
2026-06-09,META-LAL-003,Meta Ads,20356,227,3108.86
2026-06-10,META-LAL-003,Meta Ads,14941,182,2975.45
2026-06-11,META-LAL-003,Meta Ads,11874,136,2020.86
2026-06-12,META-LAL-003,Meta Ads,3902,45,672.3
2026-06-13,META-LAL-003,Meta Ads,22035,227,3946.41
2026-06-14,META-LAL-003,Meta Ads,21747,227,3227.42
2026-06-15,META-LAL-003,Meta Ads,7969,91,1739.41
2026-06-16,META-LAL-003,Meta Ads,12819,136,2193.84
2026-06-17,META-LAL-003,Meta Ads,17393,182,2629.32
2026-06-18,META-LAL-003,Meta Ads,37893,409,6137.5
2026-06-19,META-LAL-003,Meta Ads,19610,227,3619.58
2026-06-20,META-LAL-003,Meta Ads,26219,273,4496.98
2026-06-21,META-LAL-003,Meta Ads,21254,227,3630.2
2026-06-22,META-LAL-003,Meta Ads,11336,136,2180.08
2026-06-23,META-LAL-003,Meta Ads,11975,136,2167.28
2026-06-24,META-LAL-003,Meta Ads,8383,91,1399.53
2026-06-25,META-LAL-003,Meta Ads,24092,273,5122.03
2026-06-26,META-LAL-003,Meta Ads,3993,45,700.08
2026-06-27,META-LAL-003,Meta Ads,0,0,0.0
2026-06-28,META-LAL-003,Meta Ads,12539,136,2189.77
2026-06-29,META-LAL-003,Meta Ads,4083,45,738.86
2026-01-01,META-REELS-004,Meta Ads,26797,167,1248.18
2026-01-02,META-REELS-004,Meta Ads,13778,83,629.96
2026-01-03,META-REELS-004,Meta Ads,70307,417,3132.97
2026-01-04,META-REELS-004,Meta Ads,55438,333,2483.72
2026-01-05,META-REELS-004,Meta Ads,41376,250,1563.83
2026-01-06,META-REELS-004,Meta Ads,54707,333,2143.78
2026-01-07,META-REELS-004,Meta Ads,41902,250,1884.0
2026-01-08,META-REELS-004,Meta Ads,28929,167,1154.54
2026-01-09,META-REELS-004,Meta Ads,58608,333,2190.53
2026-01-10,META-REELS-004,Meta Ads,56414,333,1899.39
2026-01-11,META-REELS-004,Meta Ads,56373,333,2306.7
2026-01-12,META-REELS-004,Meta Ads,25037,167,1162.66
2026-01-13,META-REELS-004,Meta Ads,41584,250,1658.49
2026-01-14,META-REELS-004,Meta Ads,46250,250,1870.6
2026-01-15,META-REELS-004,Meta Ads,43807,250,2048.18
2026-01-16,META-REELS-004,Meta Ads,55258,333,2214.07
2026-01-17,META-REELS-004,Meta Ads,44901,250,2183.73
2026-01-18,META-REELS-004,Meta Ads,65989,417,3422.01
2026-01-19,META-REELS-004,Meta Ads,0,0,0.0
2026-01-20,META-REELS-004,Meta Ads,12899,83,710.45
2026-01-21,META-REELS-004,Meta Ads,0,0,0.0
2026-01-22,META-REELS-004,Meta Ads,28092,167,1389.36
2026-01-23,META-REELS-004,Meta Ads,78081,500,3668.47
2026-01-24,META-REELS-004,Meta Ads,58603,333,1976.3
2026-01-25,META-REELS-004,Meta Ads,41553,250,1957.21
2026-01-26,META-REELS-004,Meta Ads,14014,83,577.48
2026-01-27,META-REELS-004,Meta Ads,58864,333,2295.39
2026-01-28,META-REELS-004,Meta Ads,12888,83,605.81
2026-01-29,META-REELS-004,Meta Ads,0,0,0.0
2026-01-30,META-REELS-004,Meta Ads,13954,83,544.79
2026-01-31,META-REELS-004,Meta Ads,14490,83,584.68
2026-02-01,META-REELS-004,Meta Ads,30265,167,1224.36
2026-02-02,META-REELS-004,Meta Ads,12953,83,514.08
2026-02-03,META-REELS-004,Meta Ads,12274,83,518.38
2026-02-04,META-REELS-004,Meta Ads,0,0,0.0
2026-02-05,META-REELS-004,Meta Ads,14195,83,599.28
2026-02-06,META-REELS-004,Meta Ads,77469,417,2730.52
2026-02-07,META-REELS-004,Meta Ads,40073,250,1824.41
2026-02-08,META-REELS-004,Meta Ads,27354,167,1035.41
2026-02-09,META-REELS-004,Meta Ads,15009,83,499.96
2026-02-10,META-REELS-004,Meta Ads,52651,333,2503.71
2026-02-11,META-REELS-004,Meta Ads,40394,250,1568.99
2026-02-12,META-REELS-004,Meta Ads,14099,83,619.83
2026-02-13,META-REELS-004,Meta Ads,27658,167,1352.58
2026-02-14,META-REELS-004,Meta Ads,12294,83,599.11
2026-02-15,META-REELS-004,Meta Ads,13475,83,563.32
2026-02-16,META-REELS-004,Meta Ads,27610,167,1153.38
2026-02-17,META-REELS-004,Meta Ads,41015,250,1431.79
2026-02-18,META-REELS-004,Meta Ads,58092,333,2508.45
2026-02-19,META-REELS-004,Meta Ads,13379,83,631.79
2026-02-20,META-REELS-004,Meta Ads,0,0,0.0
2026-02-21,META-REELS-004,Meta Ads,54451,333,2611.61
2026-02-22,META-REELS-004,Meta Ads,26010,167,1106.53
2026-02-23,META-REELS-004,Meta Ads,0,0,0.0
2026-02-24,META-REELS-004,Meta Ads,29353,167,1267.97
2026-02-25,META-REELS-004,Meta Ads,29404,167,1011.73
2026-02-26,META-REELS-004,Meta Ads,59199,333,2483.22
2026-02-27,META-REELS-004,Meta Ads,39200,250,1605.81
2026-02-28,META-REELS-004,Meta Ads,14442,83,656.69
2026-03-01,META-REELS-004,Meta Ads,28098,167,1278.06
2026-03-02,META-REELS-004,Meta Ads,0,0,0.0
2026-03-03,META-REELS-004,Meta Ads,26428,167,1118.06
2026-03-04,META-REELS-004,Meta Ads,41517,250,1448.09
2026-03-05,META-REELS-004,Meta Ads,49364,333,2052.22
2026-03-06,META-REELS-004,Meta Ads,13770,83,508.84
2026-03-07,META-REELS-004,Meta Ads,0,0,0.0
2026-03-08,META-REELS-004,Meta Ads,0,0,0.0
2026-03-09,META-REELS-004,Meta Ads,14065,83,644.85
2026-03-10,META-REELS-004,Meta Ads,12504,83,617.95
2026-03-11,META-REELS-004,Meta Ads,12849,83,539.83
2026-03-12,META-REELS-004,Meta Ads,0,0,0.0
2026-03-13,META-REELS-004,Meta Ads,13386,83,527.43
2026-03-14,META-REELS-004,Meta Ads,14335,83,540.71
2026-03-15,META-REELS-004,Meta Ads,14171,83,639.36
2026-03-16,META-REELS-004,Meta Ads,41631,250,1911.6
2026-03-17,META-REELS-004,Meta Ads,30647,167,1182.01
2026-03-18,META-REELS-004,Meta Ads,53067,333,2430.0
2026-03-19,META-REELS-004,Meta Ads,41982,250,1753.11
2026-03-20,META-REELS-004,Meta Ads,56724,333,2249.8
2026-03-21,META-REELS-004,Meta Ads,86719,500,3183.9
2026-03-22,META-REELS-004,Meta Ads,14125,83,587.22
2026-03-23,META-REELS-004,Meta Ads,28649,167,1319.74
2026-03-24,META-REELS-004,Meta Ads,66948,417,2951.19
2026-03-25,META-REELS-004,Meta Ads,13328,83,593.7
2026-03-26,META-REELS-004,Meta Ads,13775,83,467.12
2026-03-27,META-REELS-004,Meta Ads,78937,500,3470.61
2026-03-28,META-REELS-004,Meta Ads,31130,167,1171.91
2026-03-29,META-REELS-004,Meta Ads,40700,250,1818.23
2026-03-30,META-REELS-004,Meta Ads,15082,83,556.64
2026-03-31,META-REELS-004,Meta Ads,82187,500,3325.22
2026-04-01,META-REELS-004,Meta Ads,0,0,0.0
2026-04-02,META-REELS-004,Meta Ads,55361,333,2490.35
2026-04-03,META-REELS-004,Meta Ads,13699,83,578.23
2026-04-04,META-REELS-004,Meta Ads,68227,417,3149.45
2026-04-05,META-REELS-004,Meta Ads,40962,250,1452.21
2026-04-06,META-REELS-004,Meta Ads,14190,83,614.11
2026-04-07,META-REELS-004,Meta Ads,13721,83,686.02
2026-04-08,META-REELS-004,Meta Ads,0,0,0.0
2026-04-09,META-REELS-004,Meta Ads,0,0,0.0
2026-04-10,META-REELS-004,Meta Ads,61520,333,2197.76
2026-04-11,META-REELS-004,Meta Ads,15434,83,629.98
2026-01-11,MS-NB-MBA-001,Microsoft Ads,1836,100,3771.02
2026-01-12,MS-NB-MBA-001,Microsoft Ads,0,0,0.0
2026-01-13,MS-NB-MBA-001,Microsoft Ads,522,25,855.65
2026-01-14,MS-NB-MBA-001,Microsoft Ads,516,25,923.84
2026-01-15,MS-NB-MBA-001,Microsoft Ads,495,25,865.21
2026-01-16,MS-NB-MBA-001,Microsoft Ads,1051,50,2103.17
2026-01-17,MS-NB-MBA-001,Microsoft Ads,922,50,2246.06
2026-01-18,MS-NB-MBA-001,Microsoft Ads,1636,75,3699.37
2026-01-19,MS-NB-MBA-001,Microsoft Ads,511,25,904.23
2026-01-20,MS-NB-MBA-001,Microsoft Ads,0,0,0.0
2026-01-21,MS-NB-MBA-001,Microsoft Ads,949,50,1979.68
2026-01-22,MS-NB-MBA-001,Microsoft Ads,1070,50,2054.15
2026-01-23,MS-NB-MBA-001,Microsoft Ads,1072,50,2181.33
2026-01-24,MS-NB-MBA-001,Microsoft Ads,494,25,1057.51
2026-01-25,MS-NB-MBA-001,Microsoft Ads,513,25,815.9
2026-01-26,MS-NB-MBA-001,Microsoft Ads,0,0,0.0
2026-01-27,MS-NB-MBA-001,Microsoft Ads,0,0,0.0
2026-01-28,MS-NB-MBA-001,Microsoft Ads,492,25,786.03
2026-01-29,MS-NB-MBA-001,Microsoft Ads,1463,75,2784.37
2026-01-30,MS-NB-MBA-001,Microsoft Ads,1000,50,2111.99
2026-01-31,MS-NB-MBA-001,Microsoft Ads,493,25,923.62
2026-02-01,MS-NB-MBA-001,Microsoft Ads,462,25,944.55
2026-02-02,MS-NB-MBA-001,Microsoft Ads,1529,75,2689.94
2026-02-03,MS-NB-MBA-001,Microsoft Ads,0,0,0.0
2026-02-04,MS-NB-MBA-001,Microsoft Ads,962,50,1889.64
2026-02-05,MS-NB-MBA-001,Microsoft Ads,1071,50,1844.6
2026-02-06,MS-NB-MBA-001,Microsoft Ads,494,25,856.93
2026-02-07,MS-NB-MBA-001,Microsoft Ads,1035,50,1837.96
2026-02-08,MS-NB-MBA-001,Microsoft Ads,1512,75,3076.67
2026-02-09,MS-NB-MBA-001,Microsoft Ads,0,0,0.0
2026-02-10,MS-NB-MBA-001,Microsoft Ads,529,25,775.17
2026-02-11,MS-NB-MBA-001,Microsoft Ads,1060,50,1885.74
2026-02-12,MS-NB-MBA-001,Microsoft Ads,1357,75,2879.82
2026-02-13,MS-NB-MBA-001,Microsoft Ads,0,0,0.0
2026-02-14,MS-NB-MBA-001,Microsoft Ads,490,25,1007.11
2026-02-15,MS-NB-MBA-001,Microsoft Ads,976,50,1708.8
2026-02-16,MS-NB-MBA-001,Microsoft Ads,0,0,0.0
2026-02-17,MS-NB-MBA-001,Microsoft Ads,0,0,0.0
2026-02-18,MS-NB-MBA-001,Microsoft Ads,860,50,1676.67
2026-02-19,MS-NB-MBA-001,Microsoft Ads,1109,50,1714.69
2026-02-20,MS-NB-MBA-001,Microsoft Ads,1462,75,2201.81
2026-02-21,MS-NB-MBA-001,Microsoft Ads,0,0,0.0
2026-02-22,MS-NB-MBA-001,Microsoft Ads,0,0,0.0
2026-02-23,MS-NB-MBA-001,Microsoft Ads,1038,50,1735.22
2026-02-24,MS-NB-MBA-001,Microsoft Ads,3235,150,5229.21
2026-02-25,MS-NB-MBA-001,Microsoft Ads,1527,75,2519.28
2026-02-26,MS-NB-MBA-001,Microsoft Ads,472,25,857.35
2026-02-27,MS-NB-MBA-001,Microsoft Ads,0,0,0.0
2026-02-28,MS-NB-MBA-001,Microsoft Ads,1968,100,4180.5
2026-03-01,MS-NB-MBA-001,Microsoft Ads,974,50,1819.01
2026-03-02,MS-NB-MBA-001,Microsoft Ads,507,25,832.95
2026-03-03,MS-NB-MBA-001,Microsoft Ads,520,25,933.6
2026-03-04,MS-NB-MBA-001,Microsoft Ads,1005,50,1727.34
2026-03-05,MS-NB-MBA-001,Microsoft Ads,1977,100,3914.26
2026-03-06,MS-NB-MBA-001,Microsoft Ads,1539,75,2555.2
2026-03-07,MS-NB-MBA-001,Microsoft Ads,489,25,861.2
2026-03-08,MS-NB-MBA-001,Microsoft Ads,967,50,1944.12
2026-03-09,MS-NB-MBA-001,Microsoft Ads,1002,50,2579.41
2026-03-10,MS-NB-MBA-001,Microsoft Ads,491,25,748.52
2026-03-11,MS-NB-MBA-001,Microsoft Ads,1040,50,1813.77
2026-03-12,MS-NB-MBA-001,Microsoft Ads,501,25,948.73
2026-03-13,MS-NB-MBA-001,Microsoft Ads,0,0,0.0
2026-03-14,MS-NB-MBA-001,Microsoft Ads,1735,75,3310.18
2026-03-15,MS-NB-MBA-001,Microsoft Ads,1090,50,1846.3
2026-03-16,MS-NB-MBA-001,Microsoft Ads,1563,75,3097.55
2026-03-17,MS-NB-MBA-001,Microsoft Ads,511,25,1147.95
2026-03-18,MS-NB-MBA-001,Microsoft Ads,943,50,1869.16
2026-03-19,MS-NB-MBA-001,Microsoft Ads,1580,75,3577.69
2026-03-20,MS-NB-MBA-001,Microsoft Ads,0,0,0.0
2026-03-21,MS-NB-MBA-001,Microsoft Ads,513,25,890.87
2026-03-22,MS-NB-MBA-001,Microsoft Ads,1469,75,2993.79
2026-03-23,MS-NB-MBA-001,Microsoft Ads,0,0,0.0
2026-03-24,MS-NB-MBA-001,Microsoft Ads,1032,50,2163.85
2026-03-25,MS-NB-MBA-001,Microsoft Ads,453,25,881.2
2026-03-26,MS-NB-MBA-001,Microsoft Ads,497,25,879.33
2026-03-27,MS-NB-MBA-001,Microsoft Ads,569,25,751.4
2026-03-28,MS-NB-MBA-001,Microsoft Ads,2958,150,5616.03
2026-03-29,MS-NB-MBA-001,Microsoft Ads,1618,75,2938.77
2026-03-30,MS-NB-MBA-001,Microsoft Ads,521,25,825.5
2026-03-31,MS-NB-MBA-001,Microsoft Ads,1889,100,4084.44
2026-04-01,MS-NB-MBA-001,Microsoft Ads,2121,100,3578.32
2026-04-02,MS-NB-MBA-001,Microsoft Ads,2958,150,6489.5
2026-04-03,MS-NB-MBA-001,Microsoft Ads,0,0,0.0
2026-04-04,MS-NB-MBA-001,Microsoft Ads,953,50,1726.08
2026-04-05,MS-NB-MBA-001,Microsoft Ads,0,0,0.0
2026-04-06,MS-NB-MBA-001,Microsoft Ads,1552,75,2744.0
2026-04-07,MS-NB-MBA-001,Microsoft Ads,496,25,879.13
2026-04-08,MS-NB-MBA-001,Microsoft Ads,501,25,876.1
2026-04-09,MS-NB-MBA-001,Microsoft Ads,1016,50,2138.53
2026-04-10,MS-NB-MBA-001,Microsoft Ads,0,0,0.0
2026-04-11,MS-NB-MBA-001,Microsoft Ads,534,25,933.54
2026-04-12,MS-NB-MBA-001,Microsoft Ads,522,25,1045.17
2026-04-13,MS-NB-MBA-001,Microsoft Ads,1041,50,1693.87
2026-04-14,MS-NB-MBA-001,Microsoft Ads,0,0,0.0
2026-04-15,MS-NB-MBA-001,Microsoft Ads,506,25,1006.03
2026-04-16,MS-NB-MBA-001,Microsoft Ads,1103,50,1821.58
2026-04-17,MS-NB-MBA-001,Microsoft Ads,515,25,932.74
2026-04-18,MS-NB-MBA-001,Microsoft Ads,1056,50,2019.32
2026-04-19,MS-NB-MBA-001,Microsoft Ads,510,25,954.3
2026-04-20,MS-NB-MBA-001,Microsoft Ads,505,25,868.65
2026-04-21,MS-NB-MBA-001,Microsoft Ads,899,50,1972.59
2026-04-22,MS-NB-MBA-001,Microsoft Ads,500,25,995.24
2026-04-23,MS-NB-MBA-001,Microsoft Ads,1975,100,4069.5
2026-04-24,MS-NB-MBA-001,Microsoft Ads,1480,75,2627.74
2026-04-25,MS-NB-MBA-001,Microsoft Ads,0,0,0.0
2026-04-26,MS-NB-MBA-001,Microsoft Ads,0,0,0.0
2026-04-27,MS-NB-MBA-001,Microsoft Ads,1027,50,2055.09
2026-04-28,MS-NB-MBA-001,Microsoft Ads,507,25,1043.5
2026-04-29,MS-NB-MBA-001,Microsoft Ads,0,0,0.0
2026-04-30,MS-NB-MBA-001,Microsoft Ads,493,25,1085.32
2026-05-01,MS-NB-MBA-001,Microsoft Ads,501,25,968.89
2026-05-02,MS-NB-MBA-001,Microsoft Ads,2163,100,3273.61
2026-05-03,MS-NB-MBA-001,Microsoft Ads,1562,75,2844.71
2026-05-04,MS-NB-MBA-001,Microsoft Ads,1149,50,1799.12
2026-05-05,MS-NB-MBA-001,Microsoft Ads,576,25,1004.73
2026-05-06,MS-NB-MBA-001,Microsoft Ads,0,0,0.0
2026-05-07,MS-NB-MBA-001,Microsoft Ads,544,25,875.84
2026-05-08,MS-NB-MBA-001,Microsoft Ads,479,25,943.04
2026-05-09,MS-NB-MBA-001,Microsoft Ads,528,25,956.23
2026-05-10,MS-NB-MBA-001,Microsoft Ads,446,25,1059.93
2026-05-11,MS-NB-MBA-001,Microsoft Ads,1559,75,2492.23
2026-05-12,MS-NB-MBA-001,Microsoft Ads,1503,75,2620.03
2026-05-13,MS-NB-MBA-001,Microsoft Ads,925,50,2044.77
2026-05-14,MS-NB-MBA-001,Microsoft Ads,470,25,1072.74
2026-05-15,MS-NB-MBA-001,Microsoft Ads,515,25,957.26
2026-05-16,MS-NB-MBA-001,Microsoft Ads,960,50,1885.92
2026-05-17,MS-NB-MBA-001,Microsoft Ads,996,50,1978.8
2026-05-18,MS-NB-MBA-001,Microsoft Ads,0,0,0.0
2026-05-19,MS-NB-MBA-001,Microsoft Ads,473,25,907.71
2026-05-20,MS-NB-MBA-001,Microsoft Ads,1492,75,2957.03
2026-05-21,MS-NB-MBA-001,Microsoft Ads,0,0,0.0
2026-05-22,MS-NB-MBA-001,Microsoft Ads,1056,50,1607.21
2026-05-23,MS-NB-MBA-001,Microsoft Ads,0,0,0.0
2026-05-24,MS-NB-MBA-001,Microsoft Ads,1976,100,4755.41
2026-05-25,MS-NB-MBA-001,Microsoft Ads,485,25,814.04
2026-05-26,MS-NB-MBA-001,Microsoft Ads,0,0,0.0
2026-05-27,MS-NB-MBA-001,Microsoft Ads,963,50,1963.24
2026-05-28,MS-NB-MBA-001,Microsoft Ads,1473,75,3034.49
2026-05-29,MS-NB-MBA-001,Microsoft Ads,1009,50,1972.23
2026-05-30,MS-NB-MBA-001,Microsoft Ads,490,25,808.13
2026-05-31,MS-NB-MBA-001,Microsoft Ads,1027,50,1788.75
2026-06-01,MS-NB-MBA-001,Microsoft Ads,0,0,0.0
2026-06-02,MS-NB-MBA-001,Microsoft Ads,0,0,0.0
2026-06-03,MS-NB-MBA-001,Microsoft Ads,1946,100,4195.49
2026-06-04,MS-NB-MBA-001,Microsoft Ads,2095,100,3961.31
2026-06-05,MS-NB-MBA-001,Microsoft Ads,1456,75,2816.96
2026-06-06,MS-NB-MBA-001,Microsoft Ads,0,0,0.0
2026-06-07,MS-NB-MBA-001,Microsoft Ads,0,0,0.0
2026-06-08,MS-NB-MBA-001,Microsoft Ads,950,50,1925.71
2026-06-09,MS-NB-MBA-001,Microsoft Ads,989,50,2184.56
2026-06-10,MS-NB-MBA-001,Microsoft Ads,962,50,2077.78
2026-06-11,MS-NB-MBA-001,Microsoft Ads,1079,50,1818.27
2026-06-12,MS-NB-MBA-001,Microsoft Ads,1448,75,2928.56
2026-06-13,MS-NB-MBA-001,Microsoft Ads,1577,75,2876.11
2026-06-14,MS-NB-MBA-001,Microsoft Ads,919,50,1683.77
2026-06-15,MS-NB-MBA-001,Microsoft Ads,525,25,1284.26
2026-06-16,MS-NB-MBA-001,Microsoft Ads,1041,50,1884.15
2026-06-17,MS-NB-MBA-001,Microsoft Ads,0,0,0.0
2026-06-18,MS-NB-MBA-001,Microsoft Ads,991,50,1739.34
2026-06-19,MS-NB-MBA-001,Microsoft Ads,0,0,0.0
2026-06-20,MS-NB-MBA-001,Microsoft Ads,519,25,833.7
2026-06-21,MS-NB-MBA-001,Microsoft Ads,1429,75,2620.73
2026-06-22,MS-NB-MBA-001,Microsoft Ads,514,25,931.59
2026-06-23,MS-NB-MBA-001,Microsoft Ads,1061,50,1846.46
2026-06-24,MS-NB-MBA-001,Microsoft Ads,1029,50,1853.13
2026-06-25,MS-NB-MBA-001,Microsoft Ads,1549,75,2861.67
2026-06-26,MS-NB-MBA-001,Microsoft Ads,0,0,0.0
2026-06-27,MS-NB-MBA-001,Microsoft Ads,0,0,0.0
2026-06-28,MS-NB-MBA-001,Microsoft Ads,0,0,0.0
2026-06-29,MS-NB-MBA-001,Microsoft Ads,0,0,0.0
2026-01-11,MS-BRAND-002,Microsoft Ads,513,50,670.56
2026-01-12,MS-BRAND-002,Microsoft Ads,0,0,0.0
2026-01-13,MS-BRAND-002,Microsoft Ads,174,17,215.91
2026-01-14,MS-BRAND-002,Microsoft Ads,0,0,0.0
2026-01-15,MS-BRAND-002,Microsoft Ads,161,17,231.65
2026-01-16,MS-BRAND-002,Microsoft Ads,0,0,0.0
2026-01-17,MS-BRAND-002,Microsoft Ads,0,0,0.0
2026-01-18,MS-BRAND-002,Microsoft Ads,158,17,284.03
2026-01-19,MS-BRAND-002,Microsoft Ads,181,17,268.71
2026-01-20,MS-BRAND-002,Microsoft Ads,610,67,1065.41
2026-01-21,MS-BRAND-002,Microsoft Ads,0,0,0.0
2026-01-22,MS-BRAND-002,Microsoft Ads,314,33,556.98
2026-01-23,MS-BRAND-002,Microsoft Ads,0,0,0.0
2026-01-24,MS-BRAND-002,Microsoft Ads,654,67,1161.69
2026-01-25,MS-BRAND-002,Microsoft Ads,0,0,0.0
2026-01-26,MS-BRAND-002,Microsoft Ads,184,17,290.97
2026-01-27,MS-BRAND-002,Microsoft Ads,0,0,0.0
2026-01-28,MS-BRAND-002,Microsoft Ads,0,0,0.0
2026-01-29,MS-BRAND-002,Microsoft Ads,178,17,254.68
2026-01-30,MS-BRAND-002,Microsoft Ads,0,0,0.0
2026-01-31,MS-BRAND-002,Microsoft Ads,327,33,525.44
2026-02-01,MS-BRAND-002,Microsoft Ads,0,0,0.0
2026-02-02,MS-BRAND-002,Microsoft Ads,322,33,549.95
2026-02-03,MS-BRAND-002,Microsoft Ads,353,33,590.02
2026-02-04,MS-BRAND-002,Microsoft Ads,177,17,247.09
2026-02-05,MS-BRAND-002,Microsoft Ads,0,0,0.0
2026-02-06,MS-BRAND-002,Microsoft Ads,363,33,407.95
2026-02-07,MS-BRAND-002,Microsoft Ads,192,17,222.74
2026-02-08,MS-BRAND-002,Microsoft Ads,317,33,521.73
2026-02-09,MS-BRAND-002,Microsoft Ads,309,33,459.38
2026-02-10,MS-BRAND-002,Microsoft Ads,176,17,213.82
2026-02-11,MS-BRAND-002,Microsoft Ads,504,50,777.73
2026-02-12,MS-BRAND-002,Microsoft Ads,500,50,569.25
2026-02-13,MS-BRAND-002,Microsoft Ads,172,17,291.26
2026-02-14,MS-BRAND-002,Microsoft Ads,306,33,457.23
2026-02-15,MS-BRAND-002,Microsoft Ads,0,0,0.0
2026-02-16,MS-BRAND-002,Microsoft Ads,0,0,0.0
2026-02-17,MS-BRAND-002,Microsoft Ads,163,17,225.19
2026-02-18,MS-BRAND-002,Microsoft Ads,359,33,473.7
2026-02-19,MS-BRAND-002,Microsoft Ads,167,17,269.34
2026-02-20,MS-BRAND-002,Microsoft Ads,180,17,259.8
2026-02-21,MS-BRAND-002,Microsoft Ads,169,17,251.06
2026-02-22,MS-BRAND-002,Microsoft Ads,354,33,474.09
2026-02-23,MS-BRAND-002,Microsoft Ads,167,17,327.08
2026-02-24,MS-BRAND-002,Microsoft Ads,174,17,252.89
2026-02-25,MS-BRAND-002,Microsoft Ads,543,50,709.37
2026-02-26,MS-BRAND-002,Microsoft Ads,335,33,506.28
2026-02-27,MS-BRAND-002,Microsoft Ads,530,50,670.9
2026-02-28,MS-BRAND-002,Microsoft Ads,168,17,246.3
2026-03-01,MS-BRAND-002,Microsoft Ads,162,17,228.88
2026-03-02,MS-BRAND-002,Microsoft Ads,0,0,0.0
2026-03-03,MS-BRAND-002,Microsoft Ads,160,17,273.45
2026-03-04,MS-BRAND-002,Microsoft Ads,0,0,0.0
2026-03-05,MS-BRAND-002,Microsoft Ads,300,33,566.47
2026-03-06,MS-BRAND-002,Microsoft Ads,0,0,0.0
2026-03-07,MS-BRAND-002,Microsoft Ads,0,0,0.0
2026-03-08,MS-BRAND-002,Microsoft Ads,512,50,707.59
2026-03-09,MS-BRAND-002,Microsoft Ads,0,0,0.0
2026-03-10,MS-BRAND-002,Microsoft Ads,0,0,0.0
2026-03-11,MS-BRAND-002,Microsoft Ads,0,0,0.0
2026-03-12,MS-BRAND-002,Microsoft Ads,354,33,477.16
2026-03-13,MS-BRAND-002,Microsoft Ads,180,17,259.74
2026-03-14,MS-BRAND-002,Microsoft Ads,169,17,221.34
2026-03-15,MS-BRAND-002,Microsoft Ads,349,33,483.8
2026-03-16,MS-BRAND-002,Microsoft Ads,162,17,223.37
2026-03-17,MS-BRAND-002,Microsoft Ads,307,33,441.69
2026-03-18,MS-BRAND-002,Microsoft Ads,497,50,732.48
2026-03-19,MS-BRAND-002,Microsoft Ads,0,0,0.0
2026-03-20,MS-BRAND-002,Microsoft Ads,0,0,0.0
2026-03-21,MS-BRAND-002,Microsoft Ads,312,33,511.56
2026-03-22,MS-BRAND-002,Microsoft Ads,0,0,0.0
2026-03-23,MS-BRAND-002,Microsoft Ads,0,0,0.0
2026-03-24,MS-BRAND-002,Microsoft Ads,327,33,491.37
2026-03-25,MS-BRAND-002,Microsoft Ads,0,0,0.0
2026-03-26,MS-BRAND-002,Microsoft Ads,164,17,254.78
2026-03-27,MS-BRAND-002,Microsoft Ads,300,33,468.42
2026-03-28,MS-BRAND-002,Microsoft Ads,624,67,1036.94
2026-03-29,MS-BRAND-002,Microsoft Ads,165,17,250.35
2026-03-30,MS-BRAND-002,Microsoft Ads,165,17,294.27
2026-03-31,MS-BRAND-002,Microsoft Ads,363,33,570.79
2026-04-01,MS-BRAND-002,Microsoft Ads,634,67,1098.41
2026-04-02,MS-BRAND-002,Microsoft Ads,0,0,0.0
2026-04-03,MS-BRAND-002,Microsoft Ads,173,17,296.65
2026-04-04,MS-BRAND-002,Microsoft Ads,512,50,705.54
2026-04-05,MS-BRAND-002,Microsoft Ads,288,33,458.79
2026-04-06,MS-BRAND-002,Microsoft Ads,305,33,373.4
2026-04-07,MS-BRAND-002,Microsoft Ads,617,67,1003.46
2026-04-08,MS-BRAND-002,Microsoft Ads,0,0,0.0
2026-04-09,MS-BRAND-002,Microsoft Ads,170,17,223.23
2026-04-10,MS-BRAND-002,Microsoft Ads,365,33,436.59
2026-04-11,MS-BRAND-002,Microsoft Ads,166,17,280.35
2026-04-12,MS-BRAND-002,Microsoft Ads,460,50,726.6
2026-04-13,MS-BRAND-002,Microsoft Ads,0,0,0.0
2026-04-14,MS-BRAND-002,Microsoft Ads,173,17,338.28
2026-04-15,MS-BRAND-002,Microsoft Ads,0,0,0.0
2026-04-16,MS-BRAND-002,Microsoft Ads,183,17,232.62
2026-04-17,MS-BRAND-002,Microsoft Ads,162,17,316.49
2026-04-18,MS-BRAND-002,Microsoft Ads,168,17,268.94
2026-04-19,MS-BRAND-002,Microsoft Ads,0,0,0.0
2026-04-20,MS-BRAND-002,Microsoft Ads,315,33,537.9
2026-04-21,MS-BRAND-002,Microsoft Ads,182,17,242.63
2026-04-22,MS-BRAND-002,Microsoft Ads,317,33,481.49
2026-04-23,MS-BRAND-002,Microsoft Ads,318,33,559.5
2026-04-24,MS-BRAND-002,Microsoft Ads,162,17,208.15
2026-04-25,MS-BRAND-002,Microsoft Ads,315,33,489.03
2026-04-26,MS-BRAND-002,Microsoft Ads,178,17,251.55
2026-04-27,MS-BRAND-002,Microsoft Ads,315,33,394.65
2026-04-28,MS-BRAND-002,Microsoft Ads,355,33,515.49
2026-04-29,MS-BRAND-002,Microsoft Ads,0,0,0.0
2026-04-30,MS-BRAND-002,Microsoft Ads,185,17,279.37
2026-05-01,MS-BRAND-002,Microsoft Ads,511,50,870.84
2026-05-02,MS-BRAND-002,Microsoft Ads,0,0,0.0
2026-05-03,MS-BRAND-002,Microsoft Ads,163,17,234.32
2026-05-04,MS-BRAND-002,Microsoft Ads,168,17,276.53
2026-05-05,MS-BRAND-002,Microsoft Ads,160,17,247.49
2026-05-06,MS-BRAND-002,Microsoft Ads,0,0,0.0
2026-05-07,MS-BRAND-002,Microsoft Ads,172,17,268.86
2026-05-08,MS-BRAND-002,Microsoft Ads,169,17,205.23
2026-05-09,MS-BRAND-002,Microsoft Ads,0,0,0.0
2026-05-10,MS-BRAND-002,Microsoft Ads,180,17,269.73
2026-05-11,MS-BRAND-002,Microsoft Ads,498,50,735.65
2026-05-12,MS-BRAND-002,Microsoft Ads,170,17,226.1
2026-05-13,MS-BRAND-002,Microsoft Ads,793,83,1134.63
2026-05-14,MS-BRAND-002,Microsoft Ads,501,50,836.92
2026-05-15,MS-BRAND-002,Microsoft Ads,325,33,445.43
2026-05-16,MS-BRAND-002,Microsoft Ads,158,17,277.09
2026-05-17,MS-BRAND-002,Microsoft Ads,181,17,252.35
2026-05-18,MS-BRAND-002,Microsoft Ads,489,50,714.29
2026-05-19,MS-BRAND-002,Microsoft Ads,349,33,521.56
2026-05-20,MS-BRAND-002,Microsoft Ads,0,0,0.0
2026-05-21,MS-BRAND-002,Microsoft Ads,171,17,260.32
2026-05-22,MS-BRAND-002,Microsoft Ads,487,50,679.93
2026-05-23,MS-BRAND-002,Microsoft Ads,289,33,513.66
2026-05-24,MS-BRAND-002,Microsoft Ads,460,50,729.61
2026-05-25,MS-BRAND-002,Microsoft Ads,0,0,0.0
2026-05-26,MS-BRAND-002,Microsoft Ads,333,33,468.11
2026-05-27,MS-BRAND-002,Microsoft Ads,161,17,229.07
2026-05-28,MS-BRAND-002,Microsoft Ads,329,33,562.95
2026-05-29,MS-BRAND-002,Microsoft Ads,178,17,252.55
2026-05-30,MS-BRAND-002,Microsoft Ads,535,50,835.44
2026-05-31,MS-BRAND-002,Microsoft Ads,0,0,0.0
2026-06-01,MS-BRAND-002,Microsoft Ads,178,17,268.48
2026-06-02,MS-BRAND-002,Microsoft Ads,180,17,242.59
2026-06-03,MS-BRAND-002,Microsoft Ads,154,17,241.75
2026-06-04,MS-BRAND-002,Microsoft Ads,0,0,0.0
2026-06-05,MS-BRAND-002,Microsoft Ads,181,17,219.08
2026-06-06,MS-BRAND-002,Microsoft Ads,1191,117,1826.64
2026-06-07,MS-BRAND-002,Microsoft Ads,991,100,1570.96
2026-06-08,MS-BRAND-002,Microsoft Ads,165,17,250.23
2026-06-09,MS-BRAND-002,Microsoft Ads,328,33,599.87
2026-06-10,MS-BRAND-002,Microsoft Ads,169,17,275.37
2026-06-11,MS-BRAND-002,Microsoft Ads,167,17,230.7
2026-06-12,MS-BRAND-002,Microsoft Ads,662,67,872.97
2026-06-13,MS-BRAND-002,Microsoft Ads,339,33,497.75
2026-06-14,MS-BRAND-002,Microsoft Ads,337,33,485.27
2026-06-15,MS-BRAND-002,Microsoft Ads,314,33,466.59
2026-06-16,MS-BRAND-002,Microsoft Ads,182,17,253.89
2026-06-17,MS-BRAND-002,Microsoft Ads,0,0,0.0
2026-06-18,MS-BRAND-002,Microsoft Ads,507,50,744.46
2026-06-19,MS-BRAND-002,Microsoft Ads,168,17,292.8
2026-06-20,MS-BRAND-002,Microsoft Ads,0,0,0.0
2026-06-21,MS-BRAND-002,Microsoft Ads,169,17,271.42
2026-06-22,MS-BRAND-002,Microsoft Ads,0,0,0.0
2026-06-23,MS-BRAND-002,Microsoft Ads,158,17,264.78
2026-06-24,MS-BRAND-002,Microsoft Ads,163,17,291.52
2026-06-25,MS-BRAND-002,Microsoft Ads,165,17,285.34
2026-06-26,MS-BRAND-002,Microsoft Ads,181,17,264.75
2026-06-27,MS-BRAND-002,Microsoft Ads,166,17,272.06
2026-06-28,MS-BRAND-002,Microsoft Ads,171,17,249.18
2026-06-29,MS-BRAND-002,Microsoft Ads,187,17,287.94
2026-01-16,YT-INSTREAM-001,YouTube Ads,154460,625,3675.96
2026-01-17,YT-INSTREAM-001,YouTube Ads,129347,500,2621.76
2026-01-18,YT-INSTREAM-001,YouTube Ads,241988,1000,5230.57
2026-01-19,YT-INSTREAM-001,YouTube Ads,150583,625,3832.53
2026-01-20,YT-INSTREAM-001,YouTube Ads,321817,1250,6468.72
2026-01-21,YT-INSTREAM-001,YouTube Ads,234299,875,4987.27
2026-01-22,YT-INSTREAM-001,YouTube Ads,240405,1000,5132.34
2026-01-23,YT-INSTREAM-001,YouTube Ads,163963,625,4055.03
2026-01-24,YT-INSTREAM-001,YouTube Ads,92170,375,2451.27
2026-01-25,YT-INSTREAM-001,YouTube Ads,285373,1125,7042.97
2026-01-26,YT-INSTREAM-001,YouTube Ads,294729,1250,7980.64
2026-01-27,YT-INSTREAM-001,YouTube Ads,374076,1375,8366.6
2026-01-28,YT-INSTREAM-001,YouTube Ads,150603,625,3681.55
2026-01-29,YT-INSTREAM-001,YouTube Ads,216409,875,5498.48
2026-01-30,YT-INSTREAM-001,YouTube Ads,234358,1000,6530.56
2026-01-31,YT-INSTREAM-001,YouTube Ads,435764,1750,11488.71
2026-02-01,YT-INSTREAM-001,YouTube Ads,233413,875,4679.87
2026-02-02,YT-INSTREAM-001,YouTube Ads,311888,1125,6119.67
2026-02-03,YT-INSTREAM-001,YouTube Ads,270827,1125,7250.78
2026-02-04,YT-INSTREAM-001,YouTube Ads,202953,875,6012.0
2026-02-05,YT-INSTREAM-001,YouTube Ads,206083,750,4726.51
2026-02-06,YT-INSTREAM-001,YouTube Ads,205600,875,5621.55
2026-02-07,YT-INSTREAM-001,YouTube Ads,182654,750,4531.32
2026-02-08,YT-INSTREAM-001,YouTube Ads,239278,875,6436.72
2026-02-09,YT-INSTREAM-001,YouTube Ads,206096,875,5271.09
2026-02-10,YT-INSTREAM-001,YouTube Ads,134501,500,3067.52
2026-02-11,YT-INSTREAM-001,YouTube Ads,556374,2250,12276.45
2026-02-12,YT-INSTREAM-001,YouTube Ads,397929,1500,8917.23
2026-02-13,YT-INSTREAM-001,YouTube Ads,250675,1000,5824.72
2026-02-14,YT-INSTREAM-001,YouTube Ads,210579,875,5925.93
2026-02-15,YT-INSTREAM-001,YouTube Ads,294896,1125,7334.58
2026-02-16,YT-INSTREAM-001,YouTube Ads,222928,875,5240.46
2026-02-17,YT-INSTREAM-001,YouTube Ads,314844,1250,6971.92
2026-02-18,YT-INSTREAM-001,YouTube Ads,62871,250,1500.46
2026-02-19,YT-INSTREAM-001,YouTube Ads,335037,1375,8020.64
2026-02-20,YT-INSTREAM-001,YouTube Ads,327887,1250,7854.9
2026-02-21,YT-INSTREAM-001,YouTube Ads,260456,1125,7532.89
2026-02-22,YT-INSTREAM-001,YouTube Ads,275751,1125,7719.51
2026-02-23,YT-INSTREAM-001,YouTube Ads,238269,875,5102.66
2026-02-24,YT-INSTREAM-001,YouTube Ads,91161,375,2863.69
2026-02-25,YT-INSTREAM-001,YouTube Ads,270398,1125,6209.11
2026-02-26,YT-INSTREAM-001,YouTube Ads,326914,1375,7212.53
2026-02-27,YT-INSTREAM-001,YouTube Ads,145159,625,3018.51
2026-02-28,YT-INSTREAM-001,YouTube Ads,215103,875,5468.67
2026-03-01,YT-INSTREAM-001,YouTube Ads,471902,1750,9634.15
2026-03-02,YT-INSTREAM-001,YouTube Ads,185742,750,4148.1
2026-03-03,YT-INSTREAM-001,YouTube Ads,152098,625,3299.66
2026-03-04,YT-INSTREAM-001,YouTube Ads,149876,625,3267.78
2026-03-05,YT-INSTREAM-001,YouTube Ads,227014,875,5728.21
2026-03-06,YT-INSTREAM-001,YouTube Ads,122200,500,2866.95
2026-03-07,YT-INSTREAM-001,YouTube Ads,94653,375,2607.54
2026-03-08,YT-INSTREAM-001,YouTube Ads,91609,375,2107.38
2026-03-09,YT-INSTREAM-001,YouTube Ads,195028,750,5388.65
2026-03-10,YT-INSTREAM-001,YouTube Ads,134204,500,2755.33
2026-03-11,YT-INSTREAM-001,YouTube Ads,235021,1000,6218.48
2026-03-12,YT-INSTREAM-001,YouTube Ads,81724,375,2182.25
2026-03-13,YT-INSTREAM-001,YouTube Ads,217160,875,5351.18
2026-03-14,YT-INSTREAM-001,YouTube Ads,91971,375,1893.52
2026-03-15,YT-INSTREAM-001,YouTube Ads,124979,500,2869.99
2026-03-16,YT-INSTREAM-001,YouTube Ads,368687,1375,8304.5
2026-03-17,YT-INSTREAM-001,YouTube Ads,154708,625,4037.01
2026-03-18,YT-INSTREAM-001,YouTube Ads,192793,750,5017.05
2026-03-19,YT-INSTREAM-001,YouTube Ads,285882,1125,8707.51
2026-03-20,YT-INSTREAM-001,YouTube Ads,153893,625,3729.99
2026-03-21,YT-INSTREAM-001,YouTube Ads,166630,750,5833.91
2026-03-22,YT-INSTREAM-001,YouTube Ads,230976,1000,4704.16
2026-03-23,YT-INSTREAM-001,YouTube Ads,34050,125,666.22
2026-03-24,YT-INSTREAM-001,YouTube Ads,98094,375,2139.22
2026-03-25,YT-INSTREAM-001,YouTube Ads,178754,750,4290.79
2026-03-26,YT-INSTREAM-001,YouTube Ads,258385,1000,4968.65
2026-03-27,YT-INSTREAM-001,YouTube Ads,223922,875,4615.88
2026-03-28,YT-INSTREAM-001,YouTube Ads,119184,500,2824.05
2026-03-29,YT-INSTREAM-001,YouTube Ads,95816,375,2677.63
2026-03-30,YT-INSTREAM-001,YouTube Ads,292859,1125,6604.64
2026-03-31,YT-INSTREAM-001,YouTube Ads,86185,375,2115.41
2026-04-01,YT-INSTREAM-001,YouTube Ads,316514,1250,8015.28
2026-04-02,YT-INSTREAM-001,YouTube Ads,224359,875,6054.2
2026-04-03,YT-INSTREAM-001,YouTube Ads,61820,250,1455.75
2026-04-04,YT-INSTREAM-001,YouTube Ads,148709,625,3909.3
2026-04-05,YT-INSTREAM-001,YouTube Ads,386309,1500,8187.21
2026-04-06,YT-INSTREAM-001,YouTube Ads,99871,375,2382.02
2026-04-07,YT-INSTREAM-001,YouTube Ads,363444,1375,7498.13
2026-04-08,YT-INSTREAM-001,YouTube Ads,226917,875,5740.66
2026-04-09,YT-INSTREAM-001,YouTube Ads,231142,1000,5521.18
2026-04-10,YT-INSTREAM-001,YouTube Ads,165956,625,4282.68
2026-04-11,YT-INSTREAM-001,YouTube Ads,186467,750,4453.35
2026-04-12,YT-INSTREAM-001,YouTube Ads,189499,750,4432.68
2026-04-13,YT-INSTREAM-001,YouTube Ads,91856,375,1991.65
2026-04-14,YT-INSTREAM-001,YouTube Ads,230143,875,4977.4
2026-04-15,YT-INSTREAM-001,YouTube Ads,62970,250,1566.45
2026-04-16,YT-INSTREAM-001,YouTube Ads,249175,1000,6556.9
2026-04-17,YT-INSTREAM-001,YouTube Ads,151640,625,3555.13
2026-04-18,YT-INSTREAM-001,YouTube Ads,30619,125,729.98
2026-04-19,YT-INSTREAM-001,YouTube Ads,121365,500,3030.64
2026-04-20,YT-INSTREAM-001,YouTube Ads,100181,375,2314.28
2026-04-21,YT-INSTREAM-001,YouTube Ads,94433,375,2204.67
2026-04-22,YT-INSTREAM-001,YouTube Ads,30569,125,749.85
2026-04-23,YT-INSTREAM-001,YouTube Ads,218954,875,5482.35
2026-04-24,YT-INSTREAM-001,YouTube Ads,193515,750,4505.48
2026-04-25,YT-INSTREAM-001,YouTube Ads,127371,500,2779.18
2026-04-26,YT-INSTREAM-001,YouTube Ads,273866,1000,6239.77
2026-04-27,YT-INSTREAM-001,YouTube Ads,121532,500,3006.61
2026-04-28,YT-INSTREAM-001,YouTube Ads,59235,250,1401.76
2026-04-29,YT-INSTREAM-001,YouTube Ads,151432,625,3498.1
2026-04-30,YT-INSTREAM-001,YouTube Ads,230340,875,4974.39
2026-05-01,YT-INSTREAM-001,YouTube Ads,131232,500,3446.33
2026-05-02,YT-INSTREAM-001,YouTube Ads,267411,1000,6195.32
2026-05-03,YT-INSTREAM-001,YouTube Ads,125876,500,3030.12
2026-05-04,YT-INSTREAM-001,YouTube Ads,318617,1375,8718.78
2026-05-05,YT-INSTREAM-001,YouTube Ads,187147,875,5549.24
2026-05-06,YT-INSTREAM-001,YouTube Ads,125441,500,3015.9
2026-05-07,YT-INSTREAM-001,YouTube Ads,141863,500,3293.22
2026-05-08,YT-INSTREAM-001,YouTube Ads,121628,500,2761.44
2026-05-09,YT-INSTREAM-001,YouTube Ads,334100,1250,7763.77
2026-05-10,YT-INSTREAM-001,YouTube Ads,231648,1000,5937.78
2026-05-11,YT-INSTREAM-001,YouTube Ads,122379,500,2778.91
2026-05-12,YT-INSTREAM-001,YouTube Ads,65666,250,1544.14
2026-05-13,YT-INSTREAM-001,YouTube Ads,233439,1000,6471.83
2026-05-14,YT-INSTREAM-001,YouTube Ads,160563,625,2980.76
2026-05-15,YT-INSTREAM-001,YouTube Ads,262329,1000,6747.89
2026-05-16,YT-INSTREAM-001,YouTube Ads,113761,500,3493.54
2026-05-17,YT-INSTREAM-001,YouTube Ads,89108,375,2594.49
2026-05-18,YT-INSTREAM-001,YouTube Ads,165701,625,3892.41
2026-05-19,YT-INSTREAM-001,YouTube Ads,149469,625,3401.3
2026-05-20,YT-INSTREAM-001,YouTube Ads,256923,1000,5325.92
2026-05-21,YT-INSTREAM-001,YouTube Ads,95025,375,1736.7
2026-05-22,YT-INSTREAM-001,YouTube Ads,93626,375,2369.07
2026-05-23,YT-INSTREAM-001,YouTube Ads,226552,875,6374.61
2026-05-24,YT-INSTREAM-001,YouTube Ads,260713,1000,6474.64
2026-05-25,YT-INSTREAM-001,YouTube Ads,171639,625,4092.93
2026-05-26,YT-INSTREAM-001,YouTube Ads,285805,1125,6930.45
2026-05-27,YT-INSTREAM-001,YouTube Ads,61829,250,1484.12
2026-05-28,YT-INSTREAM-001,YouTube Ads,158468,625,4166.96
2026-05-29,YT-INSTREAM-001,YouTube Ads,207824,875,4946.35
2026-05-30,YT-INSTREAM-001,YouTube Ads,145174,625,3487.36
2026-05-31,YT-INSTREAM-001,YouTube Ads,182650,750,4592.67
2026-06-01,YT-INSTREAM-001,YouTube Ads,124160,500,3083.43
2026-06-02,YT-INSTREAM-001,YouTube Ads,155163,625,3556.91
2026-06-03,YT-INSTREAM-001,YouTube Ads,192303,750,3882.92
2026-06-04,YT-INSTREAM-001,YouTube Ads,128062,500,2844.7
2026-06-05,YT-INSTREAM-001,YouTube Ads,161439,625,3601.31
2026-06-06,YT-INSTREAM-001,YouTube Ads,307617,1250,8177.68
2026-06-07,YT-INSTREAM-001,YouTube Ads,170146,750,4894.21
2026-06-08,YT-INSTREAM-001,YouTube Ads,247085,1000,5046.34
2026-06-09,YT-INSTREAM-001,YouTube Ads,95031,375,1927.93
2026-06-10,YT-INSTREAM-001,YouTube Ads,184548,750,5795.17
2026-06-11,YT-INSTREAM-001,YouTube Ads,123817,500,2994.63
2026-06-12,YT-INSTREAM-001,YouTube Ads,130260,500,2650.76
2026-06-13,YT-INSTREAM-001,YouTube Ads,95408,375,2167.81
2026-06-14,YT-INSTREAM-001,YouTube Ads,195152,750,5454.39
2026-06-15,YT-INSTREAM-001,YouTube Ads,246291,1000,5973.51
2026-06-16,YT-INSTREAM-001,YouTube Ads,259568,1000,5706.44
2026-06-17,YT-INSTREAM-001,YouTube Ads,118242,500,2871.68
2026-06-18,YT-INSTREAM-001,YouTube Ads,129602,500,3094.01
2026-06-19,YT-INSTREAM-001,YouTube Ads,141570,625,4035.18
2026-06-20,YT-INSTREAM-001,YouTube Ads,288696,1250,7473.62
2026-06-21,YT-INSTREAM-001,YouTube Ads,230810,875,5956.86
2026-06-22,YT-INSTREAM-001,YouTube Ads,233045,875,5890.35
2026-06-23,YT-INSTREAM-001,YouTube Ads,90104,375,2319.79
2026-06-24,YT-INSTREAM-001,YouTube Ads,93113,375,2253.22
2026-06-25,YT-INSTREAM-001,YouTube Ads,60334,250,1457.31
2026-06-26,YT-INSTREAM-001,YouTube Ads,29384,125,806.63
2026-06-27,YT-INSTREAM-001,YouTube Ads,147477,625,3520.3
2026-06-28,YT-INSTREAM-001,YouTube Ads,0,0,0.0
2026-06-29,YT-INSTREAM-001,YouTube Ads,33032,125,718.78
2026-03-02,YT-DEMAND-002,YouTube Ads,49745,417,3965.63
2026-03-03,YT-DEMAND-002,YouTube Ads,39850,333,3719.19
2026-03-04,YT-DEMAND-002,YouTube Ads,76454,667,7644.4
2026-03-05,YT-DEMAND-002,YouTube Ads,21819,167,1873.41
2026-03-06,YT-DEMAND-002,YouTube Ads,30956,250,3099.68
2026-03-07,YT-DEMAND-002,YouTube Ads,63319,417,4724.5
2026-03-08,YT-DEMAND-002,YouTube Ads,85718,667,8729.15
2026-03-09,YT-DEMAND-002,YouTube Ads,51075,417,3453.65
2026-03-10,YT-DEMAND-002,YouTube Ads,44348,333,3937.49
2026-03-11,YT-DEMAND-002,YouTube Ads,10272,83,1071.71
2026-03-12,YT-DEMAND-002,YouTube Ads,43268,333,2851.93
2026-03-13,YT-DEMAND-002,YouTube Ads,31983,250,3194.19
2026-03-14,YT-DEMAND-002,YouTube Ads,88673,750,8610.81
2026-03-15,YT-DEMAND-002,YouTube Ads,61502,500,5262.97
2026-03-16,YT-DEMAND-002,YouTube Ads,51618,417,4737.55
2026-03-17,YT-DEMAND-002,YouTube Ads,10172,83,845.1
2026-03-18,YT-DEMAND-002,YouTube Ads,42842,333,3825.35
2026-03-19,YT-DEMAND-002,YouTube Ads,42776,333,4135.68
2026-03-20,YT-DEMAND-002,YouTube Ads,0,0,0.0
2026-03-21,YT-DEMAND-002,YouTube Ads,42523,333,3484.42
2026-03-22,YT-DEMAND-002,YouTube Ads,33635,250,2938.4
2026-03-23,YT-DEMAND-002,YouTube Ads,56114,417,4467.94
2026-03-24,YT-DEMAND-002,YouTube Ads,50133,417,5130.8
2026-03-25,YT-DEMAND-002,YouTube Ads,56637,500,5979.16
2026-03-26,YT-DEMAND-002,YouTube Ads,61830,500,5861.48
2026-03-27,YT-DEMAND-002,YouTube Ads,40076,333,3468.97
2026-03-28,YT-DEMAND-002,YouTube Ads,82045,667,7019.28
2026-03-29,YT-DEMAND-002,YouTube Ads,126761,917,10778.81
2026-03-30,YT-DEMAND-002,YouTube Ads,33237,250,2680.32
2026-03-31,YT-DEMAND-002,YouTube Ads,42015,333,3926.35
2026-04-01,YT-DEMAND-002,YouTube Ads,34951,250,3041.8
2026-04-02,YT-DEMAND-002,YouTube Ads,89066,667,7829.36
2026-04-03,YT-DEMAND-002,YouTube Ads,44693,333,3931.35
2026-04-04,YT-DEMAND-002,YouTube Ads,41431,333,3103.19
2026-04-05,YT-DEMAND-002,YouTube Ads,21960,167,1394.96
2026-04-06,YT-DEMAND-002,YouTube Ads,40454,333,3644.13
2026-04-07,YT-DEMAND-002,YouTube Ads,20963,167,2087.07
2026-04-08,YT-DEMAND-002,YouTube Ads,30933,250,2949.81
2026-04-09,YT-DEMAND-002,YouTube Ads,77332,583,7110.5
2026-04-10,YT-DEMAND-002,YouTube Ads,20729,167,1942.19
2026-04-11,YT-DEMAND-002,YouTube Ads,83540,667,7401.27
2026-04-12,YT-DEMAND-002,YouTube Ads,70618,583,6380.97
2026-04-13,YT-DEMAND-002,YouTube Ads,21340,167,1785.16
2026-04-14,YT-DEMAND-002,YouTube Ads,30832,250,3077.58
2026-04-15,YT-DEMAND-002,YouTube Ads,43745,333,3861.73
2026-04-16,YT-DEMAND-002,YouTube Ads,35627,250,2927.97
2026-04-17,YT-DEMAND-002,YouTube Ads,31196,250,2364.8
2026-04-18,YT-DEMAND-002,YouTube Ads,9860,83,955.49
2026-04-19,YT-DEMAND-002,YouTube Ads,80067,667,6675.82
2026-04-20,YT-DEMAND-002,YouTube Ads,42608,333,3628.92
2026-04-21,YT-DEMAND-002,YouTube Ads,54011,417,4305.04
2026-04-22,YT-DEMAND-002,YouTube Ads,30438,250,3426.15
2026-04-23,YT-DEMAND-002,YouTube Ads,67873,500,4506.13
2026-04-24,YT-DEMAND-002,YouTube Ads,32139,250,2478.12
2026-04-25,YT-DEMAND-002,YouTube Ads,61458,500,6475.65
2026-04-26,YT-DEMAND-002,YouTube Ads,65833,500,5197.64
2026-04-27,YT-DEMAND-002,YouTube Ads,41099,333,3622.81
2026-04-28,YT-DEMAND-002,YouTube Ads,63802,500,5820.62
2026-04-29,YT-DEMAND-002,YouTube Ads,41038,333,3681.57
2026-04-30,YT-DEMAND-002,YouTube Ads,84245,583,5688.05
2026-05-01,YT-DEMAND-002,YouTube Ads,86474,667,7724.09
2026-05-02,YT-DEMAND-002,YouTube Ads,93984,750,7730.61
2026-05-03,YT-DEMAND-002,YouTube Ads,21810,167,1628.9
2026-05-04,YT-DEMAND-002,YouTube Ads,52369,417,4954.06
2026-05-05,YT-DEMAND-002,YouTube Ads,21537,167,1636.05
2026-05-06,YT-DEMAND-002,YouTube Ads,69472,583,7302.76
2026-05-07,YT-DEMAND-002,YouTube Ads,40907,333,3739.27
2026-05-08,YT-DEMAND-002,YouTube Ads,20597,167,1744.73
2026-05-09,YT-DEMAND-002,YouTube Ads,60527,500,6383.68
2026-05-10,YT-DEMAND-002,YouTube Ads,59788,500,4467.01
2026-05-11,YT-DEMAND-002,YouTube Ads,10607,83,1093.75
2026-05-12,YT-DEMAND-002,YouTube Ads,71080,583,6214.36
2026-05-13,YT-DEMAND-002,YouTube Ads,63436,500,5387.17
2026-05-14,YT-DEMAND-002,YouTube Ads,30624,250,2754.23
2026-05-15,YT-DEMAND-002,YouTube Ads,10604,83,1021.54
2026-05-16,YT-DEMAND-002,YouTube Ads,87091,667,7971.57
2026-05-17,YT-DEMAND-002,YouTube Ads,42962,333,3385.96
2026-05-18,YT-DEMAND-002,YouTube Ads,60085,500,5976.66
2026-05-19,YT-DEMAND-002,YouTube Ads,21046,167,2098.77
2026-05-20,YT-DEMAND-002,YouTube Ads,31431,250,2591.62
2026-05-21,YT-DEMAND-002,YouTube Ads,42209,333,3153.65
2026-05-22,YT-DEMAND-002,YouTube Ads,43171,333,2962.16
2026-05-23,YT-DEMAND-002,YouTube Ads,21122,167,1980.53
2026-05-24,YT-DEMAND-002,YouTube Ads,73605,583,7202.03
2026-05-25,YT-DEMAND-002,YouTube Ads,29711,250,2517.64
2026-05-26,YT-DEMAND-002,YouTube Ads,39577,333,2989.33
2026-05-27,YT-DEMAND-002,YouTube Ads,44404,333,3835.3
2026-05-28,YT-DEMAND-002,YouTube Ads,20029,167,1870.02
2026-05-29,YT-DEMAND-002,YouTube Ads,10227,83,869.6
2026-05-30,YT-DEMAND-002,YouTube Ads,32317,250,3007.42
2026-05-31,YT-DEMAND-002,YouTube Ads,28959,250,2642.57
2026-06-01,YT-DEMAND-002,YouTube Ads,45991,333,4747.15
2026-06-02,YT-DEMAND-002,YouTube Ads,52711,417,4007.34
2026-06-03,YT-DEMAND-002,YouTube Ads,65874,500,5422.5
2026-06-04,YT-DEMAND-002,YouTube Ads,90379,750,8675.23
2026-06-05,YT-DEMAND-002,YouTube Ads,20336,167,1782.47
2026-06-06,YT-DEMAND-002,YouTube Ads,66768,500,5536.74
2026-06-07,YT-DEMAND-002,YouTube Ads,67801,583,5325.92
2026-06-08,YT-DEMAND-002,YouTube Ads,59568,417,4852.34
2026-06-09,YT-DEMAND-002,YouTube Ads,78083,667,9037.83
2026-06-10,YT-DEMAND-002,YouTube Ads,91671,750,8553.22
2026-06-11,YT-DEMAND-002,YouTube Ads,61857,500,4901.91
2026-06-12,YT-DEMAND-002,YouTube Ads,20263,167,1566.57
2026-06-13,YT-DEMAND-002,YouTube Ads,9821,83,877.42
2026-06-14,YT-DEMAND-002,YouTube Ads,61366,500,5930.33
2026-06-15,YT-DEMAND-002,YouTube Ads,43327,333,4150.09
2026-06-16,YT-DEMAND-002,YouTube Ads,53885,417,4875.22
2026-06-17,YT-DEMAND-002,YouTube Ads,31442,250,2189.47
2026-06-18,YT-DEMAND-002,YouTube Ads,50958,417,5159.82
2026-06-19,YT-DEMAND-002,YouTube Ads,42372,333,4152.58
2026-06-20,YT-DEMAND-002,YouTube Ads,33052,250,2676.55
2026-06-21,YT-DEMAND-002,YouTube Ads,54095,417,5091.56
2026-06-22,YT-DEMAND-002,YouTube Ads,32901,250,2553.76
2026-06-23,YT-DEMAND-002,YouTube Ads,21132,167,1882.66
2026-06-24,YT-DEMAND-002,YouTube Ads,40738,333,3950.87
2026-06-25,YT-DEMAND-002,YouTube Ads,49939,417,3850.94
2026-06-26,YT-DEMAND-002,YouTube Ads,10114,83,1026.57
2026-06-27,YT-DEMAND-002,YouTube Ads,0,0,0.0
2026-06-28,YT-DEMAND-002,YouTube Ads,0,0,0.0
2026-06-29,YT-DEMAND-002,YouTube Ads,0,0,0.0
